Workbook

Sheet Sumario
E1: Atenção: Não mudar o nome da planilha (Perguntas para o Francisco )
X2: Inicio ano | Y2: 46023
E3: Histórico de geração | X3: data de hoje | Y3: =TODAY() -> 46118 | Z3: =Y3 -> 46118 | AA3: =Y3-Y4+1 -> 46113 | AD3: Máxima - Histórico de geração
E4: Descrição | F4: SPE 1 | G4: SPE 2 | H4: SPE 3 | I4: SPE 5 | J4: SPE 6 | K4: Total | X4: dia atual | Y4: =DAY(Y3) -> 6 | AT4: SPE 1 | AU4: SPE 2 | AV4: SPE 3 | AW4: SPE 5 | AX4: SM
E5: ="Geração de eletricidade acumulada em "&LEFT(PROPER(TEXT(Y3,"mmmm")),3)&"/"&YEAR(Y3)&"" -> Geração de eletricidade acumulada em Abr/2026 | F5: =HLOOKUP($Z$3,'USINA 01 - Barreirinhas'!$CI$4:$CT$8,2) -> 2053.8 | G5: =HLOOKUP($Z$3,'USINA 02 - Barreirinhas'!$CI$4:$CT$8,2) -> 2063.4 | H5: =HLOOKUP($Z$3,'USINA 03 - Barreirinhas'!$CI$4:$CT$8,2) -> 0 | I5: =HLOOKUP($Z$3,'USINA 05 - Barreirinhas'!$CI$4:$CT$8,2) -> 1888.1 | J5: =HLOOKUP($Z$3,'USINA 06 - Barreirinhas'!$CI$4:$CT$8,2) -> 2059.9 | K5: =SUM(F5:J5) -> 8065.2 | X5: mês atual | Y5: =MONTH(Y3) -> 4 | AD5: =MAX(F5:J5) -> 2063.4 | AI5: =AI6-31 -> 45753 | AJ5: =AK5 -> 45717 | AK5: =EOMONTH(AI5,-2)+1 -> 45717 | AL5: SPE 1 | AM5: SPE 2 | AN5: SPE 3 | AO5: SPE 5 | AP5: SM | AS5: 44927 | AT5: {=TRANSPOSE('USINA 01 - Barreirinhas'!I6:T6)} -> 0 | AU5: {=TRANSPOSE('USINA 02 - Barreirinhas'!I6:T6)} -> 0 | AV5: {=TRANSPOSE('USINA 03 - Barreirinhas'!I6:T6)} -> 0 | AW5: {=TRANSPOSE('USINA 05 - Barreirinhas'!J6:U6)} -> 0 | AX5: {=TRANSPOSE('USINA 06 - Barreirinhas'!I6:T6)} -> 0
E6: ="Geração de eletricidade acumulada em "&YEAR(Y3)&"" -> Geração de eletricidade acumulada em 2026 | F6: =HLOOKUP("Total",'USINA 01 - Barreirinhas'!$CI$4:$CU$8,2) -> 37721.4 | G6: =HLOOKUP("Total",'USINA 02 - Barreirinhas'!$CI$4:$CU$8,2) -> 42010.4 | H6: =HLOOKUP("Total",'USINA 03 - Barreirinhas'!$CI$4:$CU$8,2) -> 37705.5 | I6: =HLOOKUP("Total",'USINA 05 - Barreirinhas'!$CI$4:$CU$8,2) -> 39559.6 | J6: =HLOOKUP("Total",'USINA 06 - Barreirinhas'!$CI$4:$CU$8,2) -> 42452.4 | K6: =SUM(F6:J6) -> 199449.3 | X6: ano atual | Y6: =YEAR(Y3) -> 2026 | AA6: =EOMONTH(AA3,-1) -> 46112 | AD6: =MAX(F6:J6) -> 42452.4 | AH6: 1 | AI6: =AI7-31 -> 45784 | AJ6: =AK6 -> 45748 | AK6: =EOMONTH(AI6,-2)+1 -> 45748 | AL6: =VLOOKUP(AJ6,$AS$5:$AX$52,2,FALSE) -> 13720.3 | AM6: =VLOOKUP(AJ6,$AS$5:$AX$52,3,FALSE) -> 13883.2 | AN6: =VLOOKUP(AJ6,$AS$5:$AX$52,4,FALSE) -> 11937.5 | AO6: =VLOOKUP(AJ6,$AS$5:$AX$52,5,FALSE) -> 11535.9 | AP6: =VLOOKUP(AJ6,$AS$5:$AX$52,6,FALSE) -> 13580.7 | AS6: 44958 | AT6: 10149.7 | AU6: 0 | AV6: 0 | AW6: 0 | AX6: 0
E7: ="Média de geração de eletricidade em "&LEFT(PROPER(TEXT(Y3,"mmmm")),3)&"/"&YEAR(Y3)&"" -> Média de geração de eletricidade em Abr/2026 | F7: =IFERROR(HLOOKUP($Z$3,'USINA 01 - Barreirinhas'!$CI$4:$CT$8,5),0) -> 410.76 | G7: =IFERROR(HLOOKUP($Z$3,'USINA 02 - Barreirinhas'!$CI$4:$CT$8,5),0) -> 412.68 | H7: =IFERROR(HLOOKUP($Z$3,'USINA 03 - Barreirinhas'!$CI$4:$CT$8,5),0) -> 0 | I7: =IFERROR(HLOOKUP($Z$3,'USINA 05 - Barreirinhas'!$CI$4:$CT$8,5),0) -> 377.62 | J7: =IFERROR(HLOOKUP($Z$3,'USINA 06 - Barreirinhas'!$CI$4:$CT$8,5),0) -> 411.98 | K7: - | X7: Dias no ano | Y7: =Y3-Y2 -> 95 | AD7: =MAX(F7:J7) -> 412.68 | AH7: =AH6+1 -> 2 | AI7: =AI8-31 -> 45815 | AJ7: =AK7 -> 45778 | AK7: =EOMONTH(AI7,-2)+1 -> 45778 | AL7: =VLOOKUP(AJ7,$AS$5:$AX$52,2,FALSE) -> 14433.7 | AM7: =VLOOKUP(AJ7,$AS$5:$AX$52,3,FALSE) -> 14553.5 | AN7: =VLOOKUP(AJ7,$AS$5:$AX$52,4,FALSE) -> 14278 | AO7: =VLOOKUP(AJ7,$AS$5:$AX$52,5,FALSE) -> 13465.9 | AP7: =VLOOKUP(AJ7,$AS$5:$AX$52,6,FALSE) -> 13983.4 | AS7: 44986 | AT7: 12375.7 | AU7: 0 | AV7: 0 | AW7: 0 | AX7: 0
E8: ="Média de geração diária de eletricidade em "&YEAR(Y3)&"" -> Média de geração diária de eletricidade em 2026 | F8: =IFERROR(HLOOKUP("Total",'USINA 01 - Barreirinhas'!$CI$4:$CU$8,5),0) -> 397.06737 | G8: =IFERROR(HLOOKUP("Total",'USINA 02 - Barreirinhas'!$CI$4:$CU$8,5),0) -> 442.21474 | H8: =IFERROR(HLOOKUP("Total",'USINA 03 - Barreirinhas'!$CI$4:$CU$8,5),0) -> 396.9 | I8: =IFERROR(HLOOKUP("Total",'USINA 05 - Barreirinhas'!$CI$4:$CU$8,5),0) -> 416.41684 | J8: =IFERROR(HLOOKUP("Total",'USINA 06 - Barreirinhas'!$CI$4:$CU$8,5),0) -> 446.86737 | K8: - | AD8: =MAX(F8:J8) -> 446.86737 | AH8: =AH7+1 -> 3 | AI8: =AI9-31 -> 45846 | AJ8: =AK8 -> 45809 | AK8: =EOMONTH(AI8,-2)+1 -> 45809 | AL8: =VLOOKUP(AJ8,$AS$5:$AX$52,2,FALSE) -> 14774.8 | AM8: =VLOOKUP(AJ8,$AS$5:$AX$52,3,FALSE) -> 14505.4 | AN8: =VLOOKUP(AJ8,$AS$5:$AX$52,4,FALSE) -> 14028 | AO8: =VLOOKUP(AJ8,$AS$5:$AX$52,5,FALSE) -> 13432.5 | AP8: =VLOOKUP(AJ8,$AS$5:$AX$52,6,FALSE) -> 14000.9 | AS8: 45017 | AT8: 6248.2 | AU8: 0 | AV8: 0 | AW8: 0 | AX8: 0
E9: ="Projeção geração mensal - base na média diária em "&YEAR(Y3)&"" -> Projeção geração mensal - base na média diária em 2026 | F9: =F8*365/12 -> 12077.466 | G9: =G8*365/12 -> 13450.698 | H9: =H8*365/12 -> 12072.375 | I9: =I8*365/12 -> 12666.012 | J9: =J8*365/12 -> 13592.216 | K9: - | AD9: =MAX(F10:J10) -> 597.2 | AH9: =AH8+1 -> 4 | AI9: =AI10-31 -> 45877 | AJ9: =AK9 -> 45839 | AK9: =EOMONTH(AI9,-2)+1 -> 45839 | AL9: =VLOOKUP(AJ9,$AS$5:$AX$52,2,FALSE) -> 15755.8 | AM9: =VLOOKUP(AJ9,$AS$5:$AX$52,3,FALSE) -> 15599.2 | AN9: =VLOOKUP(AJ9,$AS$5:$AX$52,4,FALSE) -> 15266.3 | AO9: =VLOOKUP(AJ9,$AS$5:$AX$52,5,FALSE) -> 14770.5 | AP9: =VLOOKUP(AJ9,$AS$5:$AX$52,6,FALSE) -> 15145 | AS9: 45047 | AT9: 14201.9 | AU9: 0 | AV9: 0 | AW9: 0 | AX9: 0
E10: ="Geração máxima em "&YEAR(Y3)&"" -> Geração máxima em 2026 | F10: ='USINA 01 - Barreirinhas'!$CU$9 -> 596 | G10: ='USINA 02 - Barreirinhas'!$CU$9 -> 597.2 | H10: ='USINA 03 - Barreirinhas'!$CU$9 -> 563.6 | I10: ='USINA 05 - Barreirinhas'!$CU$9 -> 557.2 | J10: ='USINA 06 - Barreirinhas'!$CU$9 -> 580.7 | K10: - | AD10: =MAX(F11:J11) -> 0.76953223 | AH10: =AH9+1 -> 5 | AI10: =AI11-31 -> 45908 | AJ10: =AK10 -> 45870 | AK10: =EOMONTH(AI10,-2)+1 -> 45870 | AL10: =VLOOKUP(AJ10,$AS$5:$AX$52,2,FALSE) -> 16483.5 | AM10: =VLOOKUP(AJ10,$AS$5:$AX$52,3,FALSE) -> 16530.7 | AN10: =VLOOKUP(AJ10,$AS$5:$AX$52,4,FALSE) -> 16201.8 | AO10: =VLOOKUP(AJ10,$AS$5:$AX$52,5,FALSE) -> 15617.2 | AP10: =VLOOKUP(AJ10,$AS$5:$AX$52,6,FALSE) -> 16076 | AS10: 45078 | AT10: 12993.9 | AU10: 0 | AV10: 0 | AW10: 0 | AX10: 0
E11: ="Média Diária vs Geração Máxima em "&YEAR(Y3)&"" -> Média Diária vs Geração Máxima em 2026 | F11: =IFERROR(F8/F10,0) -> 0.66622042 | G11: =IFERROR(G8/G10,0) -> 0.74048014 | H11: =IFERROR(H8/H10,0) -> 0.70422285 | I11: =IFERROR(I8/I10,0) -> 0.74733819 | J11: =IFERROR(J8/J10,0) -> 0.76953223 | K11: - | AH11: =AH10+1 -> 6 | AI11: =AI12-31 -> 45939 | AJ11: =AK11 -> 45901 | AK11: =EOMONTH(AI11,-2)+1 -> 45901 | AL11: =VLOOKUP(AJ11,$AS$5:$AX$52,2,FALSE) -> 16424.3 | AM11: =VLOOKUP(AJ11,$AS$5:$AX$52,3,FALSE) -> 16429.6 | AN11: =VLOOKUP(AJ11,$AS$5:$AX$52,4,FALSE) -> 16582.6 | AO11: =VLOOKUP(AJ11,$AS$5:$AX$52,5,FALSE) -> 16211.3 | AP11: =VLOOKUP(AJ11,$AS$5:$AX$52,6,FALSE) -> 16579.1 | AS11: 45108 | AT11: 16526.8 | AU11: 0 | AV11: 0 | AW11: 0 | AX11: 0
AH12: =AH11+1 -> 7 | AI12: =AI13-30 -> 45970 | AJ12: =AK12 -> 45931 | AK12: =EOMONTH(AI12,-2)+1 -> 45931 | AL12: =VLOOKUP(AJ12,$AS$5:$AX$52,2,FALSE) -> 16177.7 | AM12: =VLOOKUP(AJ12,$AS$5:$AX$52,3,FALSE) -> 17094.7 | AN12: =VLOOKUP(AJ12,$AS$5:$AX$52,4,FALSE) -> 16965.5 | AO12: =VLOOKUP(AJ12,$AS$5:$AX$52,5,FALSE) -> 14770.3 | AP12: =VLOOKUP(AJ12,$AS$5:$AX$52,6,FALSE) -> 17024.5 | AS12: 45139 | AT12: 16609.9 | AU12: 0 | AV12: 0 | AW12: 0 | AX12: 0
E13: Geração diária - últimos 7 dias | AH13: =AH12+1 -> 8 | AI13: =AI14-30 -> 46000 | AJ13: =AK13 -> 45962 | AK13: =EOMONTH(AI13,-2)+1 -> 45962 | AL13: =VLOOKUP(AJ13,$AS$5:$AX$52,2,FALSE) -> 14812.7 | AM13: =VLOOKUP(AJ13,$AS$5:$AX$52,3,FALSE) -> 15617 | AN13: =VLOOKUP(AJ13,$AS$5:$AX$52,4,FALSE) -> 15411.9 | AO13: =VLOOKUP(AJ13,$AS$5:$AX$52,5,FALSE) -> 14940.3 | AP13: =VLOOKUP(AJ13,$AS$5:$AX$52,6,FALSE) -> 15410.4 | AS13: 45170 | AT13: 7504.1 | AU13: 0 | AV13: 0 | AW13: 0 | AX13: 0
E14: Dia | F14: =F4 -> SPE 1 | G14: =G4 -> SPE 2 | H14: =H4 -> SPE 3 | I14: =I4 -> SPE 5 | J14: =J4 -> SPE 6 | K14: %∆ Máx e Mín | AD14: Máxima - Geração diária - últimos 7 dias | AE14: Mínimo - Geração diária - últimos 7 dias | AH14: =AH13+1 -> 9 | AI14: =AI15-30 -> 46030 | AJ14: =AK14 -> 45992 | AK14: =EOMONTH(AI14,-2)+1 -> 45992 | AL14: =VLOOKUP(AJ14,$AS$5:$AX$52,2,FALSE) -> 11194.7 | AM14: =VLOOKUP(AJ14,$AS$5:$AX$52,3,FALSE) -> 13793 | AN14: =VLOOKUP(AJ14,$AS$5:$AX$52,4,FALSE) -> 13346 | AO14: =VLOOKUP(AJ14,$AS$5:$AX$52,5,FALSE) -> 13002.1 | AP14: =VLOOKUP(AJ14,$AS$5:$AX$52,6,FALSE) -> 12670 | AS14: 45200 | AT14: 9262.6 | AU14: 0 | AV14: 0 | AW14: 0 | AX14: 0
E15: =Y3-1 -> 46117 | F15: =VLOOKUP(E15,'USINA 01 - Barreirinhas'!$BZ$4:$CA$378,2) -> 415.9 | G15: =VLOOKUP(E15,'USINA 02 - Barreirinhas'!$BZ$4:$CA$378,2) -> 416.4 | H15: =VLOOKUP(E15,'USINA 03 - Barreirinhas'!$BZ$4:$CA$378,2) -> 0 | I15: =VLOOKUP(E15,'USINA 05 - Barreirinhas'!$BZ$4:$CA$378,2) -> 380.2 | J15: =VLOOKUP(E15,'USINA 06 - Barreirinhas'!$BZ$4:$CA$378,2) -> 422.8 | K15: =1-(SMALL(F15:J15,COUNTIF(F15:J15,"0")+1))/(MAX(F15:J15)) -> 0.10075686 | AD15: =MAX(F15:J15) -> 422.8 | AE15: =(SMALL(F15:J15,COUNTIF(F15:J15,"0")+1)) -> 380.2 | AH15: =AH14+1 -> 10 | AI15: =AI16-30 -> 46060 | AJ15: =AK15 -> 46023 | AK15: =EOMONTH(AI15,-2)+1 -> 46023 | AL15: =VLOOKUP(AJ15,$AS$5:$AX$52,2,FALSE) -> 12203.2 | AM15: =VLOOKUP(AJ15,$AS$5:$AX$52,3,FALSE) -> 14337.7 | AN15: =VLOOKUP(AJ15,$AS$5:$AX$52,4,FALSE) -> 14478 | AO15: =VLOOKUP(AJ15,$AS$5:$AX$52,5,FALSE) -> 13793.4 | AP15: =VLOOKUP(AJ15,$AS$5:$AX$52,6,FALSE) -> 14865.4 | AS15: 45231 | AT15: 12940.1 | AU15: 0 | AV15: 0 | AW15: 0 | AX15: 0
E16: =E15-1 -> 46116 | F16: =VLOOKUP(E16,'USINA 01 - Barreirinhas'!$BZ$4:$CA$378,2) -> 531.3 | G16: =VLOOKUP(E16,'USINA 02 - Barreirinhas'!$BZ$4:$CA$378,2) -> 525.2 | H16: =VLOOKUP(E16,'USINA 03 - Barreirinhas'!$BZ$4:$CA$378,2) -> 0 | I16: =VLOOKUP(E16,'USINA 05 - Barreirinhas'!$BZ$4:$CA$378,2) -> 442.2 | J16: =VLOOKUP(E16,'USINA 06 - Barreirinhas'!$BZ$4:$CA$378,2) -> 507.6 | K16: =1-(SMALL(F16:J16,COUNTIF(F16:J16,"0")+1))/(MAX(F16:J16)) -> 0.16770186 | AD16: =MAX(F16:J16) -> 531.3 | AE16: =(SMALL(F16:J16,COUNTIF(F16:J16,"0")+1)) -> 442.2 | AH16: =AH15+1 -> 11 | AI16: =AI17-28 -> 46090 | AJ16: =AK16 -> 46054 | AK16: =EOMONTH(AI16,-2)+1 -> 46054 | AL16: =VLOOKUP(AJ16,$AS$5:$AX$52,2,FALSE) -> 12332.2 | AM16: =VLOOKUP(AJ16,$AS$5:$AX$52,3,FALSE) -> 12753 | AN16: =VLOOKUP(AJ16,$AS$5:$AX$52,4,FALSE) -> 12128.8 | AO16: =VLOOKUP(AJ16,$AS$5:$AX$52,5,FALSE) -> 11994.5 | AP16: =VLOOKUP(AJ16,$AS$5:$AX$52,6,FALSE) -> 12822.6 | AS16: 45261 | AT16: 11226.6 | AU16: 0 | AV16: 0 | AW16: 0 | AX16: 0
E17: =E16-1 -> 46115 | F17: =VLOOKUP(E17,'USINA 01 - Barreirinhas'!$BZ$4:$CA$378,2) -> 517.5 | G17: =VLOOKUP(E17,'USINA 02 - Barreirinhas'!$BZ$4:$CA$378,2) -> 513.1 | H17: =VLOOKUP(E17,'USINA 03 - Barreirinhas'!$BZ$4:$CA$378,2) -> 0 | I17: =VLOOKUP(E17,'USINA 05 - Barreirinhas'!$BZ$4:$CA$378,2) -> 498.9 | J17: =VLOOKUP(E17,'USINA 06 - Barreirinhas'!$BZ$4:$CA$378,2) -> 527.1 | K17: =1-(SMALL(F17:J17,COUNTIF(F17:J17,"0")+1))/(MAX(F17:J17)) -> 0.053500285 | AD17: =MAX(F17:J17) -> 527.1 | AE17: =(SMALL(F17:J17,COUNTIF(F17:J17,"0")+1)) -> 498.9 | AH17: =AH16+1 -> 12 | AI17: =Z3 -> 46118 | AJ17: =AK17 -> 46082 | AK17: =EOMONTH(AI17,-2)+1 -> 46082 | AL17: =VLOOKUP(AJ17,$AS$5:$AX$52,2,FALSE) -> 11132.2 | AM17: =VLOOKUP(AJ17,$AS$5:$AX$52,3,FALSE) -> 12856.3 | AN17: =VLOOKUP(AJ17,$AS$5:$AX$52,4,FALSE) -> 11098.7 | AO17: =VLOOKUP(AJ17,$AS$5:$AX$52,5,FALSE) -> 11883.6 | AP17: =VLOOKUP(AJ17,$AS$5:$AX$52,6,FALSE) -> 12704.3 | AS17: 45292 | AT17: {=TRANSPOSE('USINA 01 - Barreirinhas'!AH6:AS6)} -> 12403.7 | AU17: {=TRANSPOSE('USINA 02 - Barreirinhas'!AH6:AS6)} -> 11968.3 | AV17: {=TRANSPOSE('USINA 03 - Barreirinhas'!AH6:AS6)} -> 0 | AW17: {=TRANSPOSE('USINA 05 - Barreirinhas'!AH6:AS6)} -> 7762.6 | AX17: {=TRANSPOSE('USINA 06 - Barreirinhas'!AH6:AS6)} -> 10832
E18: =E17-1 -> 46114 | F18: =VLOOKUP(E18,'USINA 01 - Barreirinhas'!$BZ$4:$CA$378,2) -> 267.7 | G18: =VLOOKUP(E18,'USINA 02 - Barreirinhas'!$BZ$4:$CA$378,2) -> 277.5 | H18: =VLOOKUP(E18,'USINA 03 - Barreirinhas'!$BZ$4:$CA$378,2) -> 0 | I18: =VLOOKUP(E18,'USINA 05 - Barreirinhas'!$BZ$4:$CA$378,2) -> 247.5 | J18: =VLOOKUP(E18,'USINA 06 - Barreirinhas'!$BZ$4:$CA$378,2) -> 260.5 | K18: =1-(SMALL(F18:J18,COUNTIF(F18:J18,"0")+1))/(MAX(F18:J18)) -> 0.10810811 | AD18: =MAX(F18:J18) -> 277.5 | AE18: =(SMALL(F18:J18,COUNTIF(F18:J18,"0")+1)) -> 247.5 | AI18: =AI17+31 -> 46149 | AJ18: =AK18 -> 46113 | AK18: =EOMONTH(AI18,-2)+1 -> 46113 | AS18: 45323 | AT18: 11324.1 | AU18: 11816 | AV18: 0 | AW18: 11108.2 | AX18: 11750.3
E19: =E18-1 -> 46113 | F19: =VLOOKUP(E19,'USINA 01 - Barreirinhas'!$BZ$4:$CA$378,2) -> 321.4 | G19: =VLOOKUP(E19,'USINA 02 - Barreirinhas'!$BZ$4:$CA$378,2) -> 331.2 | H19: =VLOOKUP(E19,'USINA 03 - Barreirinhas'!$BZ$4:$CA$378,2) -> 0 | I19: =VLOOKUP(E19,'USINA 05 - Barreirinhas'!$BZ$4:$CA$378,2) -> 319.3 | J19: =VLOOKUP(E19,'USINA 06 - Barreirinhas'!$BZ$4:$CA$378,2) -> 341.9 | K19: =1-(SMALL(F19:J19,COUNTIF(F19:J19,"0")+1))/(MAX(F19:J19)) -> 0.066101199 | AD19: =MAX(F19:J19) -> 341.9 | AE19: =(SMALL(F19:J19,COUNTIF(F19:J19,"0")+1)) -> 319.3 | AI19: =AI18+31 -> 46180 | AJ19: =AK19 -> 46143 | AK19: =EOMONTH(AI19,-2)+1 -> 46143 | AS19: 45352 | AT19: 12777.9 | AU19: 13142.6 | AV19: 0 | AW19: 12184.2 | AX19: 12798.1
E20: =E19-1 -> 46112 | F20: =VLOOKUP(E20,'USINA 01 - Barreirinhas'!$BZ$4:$CA$378,2) -> 596 | G20: =VLOOKUP(E20,'USINA 02 - Barreirinhas'!$BZ$4:$CA$378,2) -> 597.2 | H20: =VLOOKUP(E20,'USINA 03 - Barreirinhas'!$BZ$4:$CA$378,2) -> 0 | I20: =VLOOKUP(E20,'USINA 05 - Barreirinhas'!$BZ$4:$CA$378,2) -> 501.2 | J20: =VLOOKUP(E20,'USINA 06 - Barreirinhas'!$BZ$4:$CA$378,2) -> 580.7 | K20: =1-(SMALL(F20:J20,COUNTIF(F20:J20,"0")+1))/(MAX(F20:J20)) -> 0.16075017 | AD20: =MAX(F20:J20) -> 597.2 | AE20: =(SMALL(F20:J20,COUNTIF(F20:J20,"0")+1)) -> 501.2 | AI20: =AI19+31 -> 46211 | AJ20: =AK20 -> 46174 | AK20: =EOMONTH(AI20,-2)+1 -> 46174 | AS20: 45383 | AT20: 12706.2 | AU20: 12696.7 | AV20: 0 | AW20: 11092.4 | AX20: 10541.4
E21: =E20-1 -> 46111 | F21: =VLOOKUP(E21,'USINA 01 - Barreirinhas'!$BZ$4:$CA$378,2) -> 349.3 | G21: =VLOOKUP(E21,'USINA 02 - Barreirinhas'!$BZ$4:$CA$378,2) -> 380.7 | H21: =VLOOKUP(E21,'USINA 03 - Barreirinhas'!$BZ$4:$CA$378,2) -> 211.9 | I21: =VLOOKUP(E21,'USINA 05 - Barreirinhas'!$BZ$4:$CA$378,2) -> 313.2 | J21: =VLOOKUP(E21,'USINA 06 - Barreirinhas'!$BZ$4:$CA$378,2) -> 346.6 | K21: =1-(SMALL(F21:J21,COUNTIF(F21:J21,"0")+1))/(MAX(F21:J21)) -> 0.44339375 | AD21: =MAX(F21:J21) -> 380.7 | AE21: =(SMALL(F21:J21,COUNTIF(F21:J21,"0")+1)) -> 211.9 | AI21: =AI20+31 -> 46242 | AJ21: =AK21 -> 46204 | AK21: =EOMONTH(AI21,-2)+1 -> 46204 | AS21: 45413 | AT21: 14754.5 | AU21: 14678.8 | AV21: 0 | AW21: 14108.3 | AX21: 11445.1
AI22: =AI21+31 -> 46273 | AJ22: =AK22 -> 46235 | AK22: =EOMONTH(AI22,-2)+1 -> 46235 | AS22: 45444 | AT22: 10264.9 | AU22: 14329.2 | AV22: 0 | AW22: 9513.2 | AX22: 10905
AI23: =AI22+31 -> 46304 | AJ23: =AK23 -> 46266 | AK23: =EOMONTH(AI23,-2)+1 -> 46266 | AS23: 45474 | AT23: 16180.8 | AU23: 16065.3 | AV23: 0 | AW23: 15155.8 | AX23: 12151
AI24: =AI23+31 -> 46335 | AJ24: =AK24 -> 46296 | AK24: =EOMONTH(AI24,-2)+1 -> 46296 | AS24: 45505 | AT24: 14513.9 | AU24: 17159.6 | AV24: 4407.3 | AW24: 12545.7 | AX24: 13183.9
AI25: =AI24+31 -> 46366 | AJ25: =AK25 -> 46327 | AK25: =EOMONTH(AI25,-2)+1 -> 46327 | AS25: 45536 | AT25: 16702.3 | AU25: 16824 | AV25: 17100.4 | AW25: 16731.6 | AX25: 13320.2
AI26: =AI25+31 -> 46397 | AJ26: =AK26 -> 46357 | AK26: =EOMONTH(AI26,-2)+1 -> 46357 | AS26: 45566 | AT26: 15717.8 | AU26: 15913.8 | AV26: 16410.1 | AW26: 15900.4 | AX26: 12852.2
AI27: =AI26+31 -> 46428 | AJ27: =AK27 -> 46388 | AK27: =EOMONTH(AI27,-2)+1 -> 46388 | AS27: 45597 | AT27: 13932.6 | AU27: 12892.7 | AV27: 15260.1 | AW27: 14660.8 | AX27: 14715.5
AI28: =AI27+31 -> 46459 | AJ28: =AK28 -> 46419 | AK28: =EOMONTH(AI28,-2)+1 -> 46419 | AS28: 45627 | AT28: 11859.7 | AU28: 12577.5 | AV28: 14864.2 | AW28: 14109.7 | AX28: 14744.9
AI29: =AI28+31 -> 46490 | AJ29: =AK29 -> 46447 | AK29: =EOMONTH(AI29,-2)+1 -> 46447 | AS29: 45658 | AT29: {=TRANSPOSE('USINA 01 - Barreirinhas'!BG6:BR6)} -> 9089.5 | AU29: {=TRANSPOSE('USINA 02 - Barreirinhas'!BG6:BR6)} -> 13186.3 | AV29: {=TRANSPOSE('USINA 03 - Barreirinhas'!BG6:BR6)} -> 12706 | AW29: {=TRANSPOSE('USINA 05 - Barreirinhas'!BG6:BR6)} -> 12280.4 | AX29: {=TRANSPOSE('USINA 06 - Barreirinhas'!BG6:BR6)} -> 12724.7
X30: Potencial de geração das usinas solares (kWh) | AI30: =AI29+31 -> 46521 | AJ30: =AK30 -> 46478 | AK30: =EOMONTH(AI30,-2)+1 -> 46478 | AS30: 45689 | AT30: 9027.6 | AU30: 10613.1 | AV30: 10575.3 | AW30: 10108.7 | AX30: 10723.3
X31: Descrição | Y31: Valor | Z31: Mínimo | AA31: Máximo | AI31: =AI30+31 -> 46552 | AJ31: =AK31 -> 46508 | AK31: =EOMONTH(AI31,-2)+1 -> 46508 | AS31: 45717 | AT31: 8751 | AU31: 13530.6 | AV31: 12895 | AW31: 12438.5 | AX31: 13122.9
X32: Mês | Y32: 14000 | Z32: =Y32*0.85 -> 11900 | AA32: =Y32*1.15 -> 16100 | AI32: =AI31+31 -> 46583 | AJ32: =AK32 -> 46539 | AK32: =EOMONTH(AI32,-2)+1 -> 46539 | AS32: 45748 | AT32: 13720.3 | AU32: 13883.2 | AV32: 11937.5 | AW32: 11535.9 | AX32: 13580.7
X33: Ano | Y33: =Y32*12 -> 168000 | Z33: =Y33*0.85 -> 142800 | AA33: =Y33*1.15 -> 193200 | AI33: =AI32+31 -> 46614 | AJ33: =AK33 -> 46569 | AK33: =EOMONTH(AI33,-2)+1 -> 46569 | AS33: 45778 | AT33: 14433.7 | AU33: 14553.5 | AV33: 14278 | AW33: 13465.9 | AX33: 13983.4
AI34: =AI33+31 -> 46645 | AJ34: =AK34 -> 46600 | AK34: =EOMONTH(AI34,-2)+1 -> 46600 | AS34: 45809 | AT34: 14774.8 | AU34: 14505.4 | AV34: 14028 | AW34: 13432.5 | AX34: 14000.9
X35: Geração mínima (kWh) | Z35: =Z32/30 -> 396.66667 | AI35: =AI34+31 -> 46676 | AJ35: =AK35 -> 46631 | AK35: =EOMONTH(AI35,-2)+1 -> 46631 | AS35: 45839 | AT35: 15755.8 | AU35: 15599.2 | AV35: 15266.3 | AW35: 14770.5 | AX35: 15145
AI36: =AI35+31 -> 46707 | AJ36: =AK36 -> 46661 | AK36: =EOMONTH(AI36,-2)+1 -> 46661 | AS36: 45870 | AT36: 16483.5 | AU36: 16530.7 | AV36: 16201.8 | AW36: 15617.2 | AX36: 16076
AI37: =AI36+31 -> 46738 | AJ37: =AK37 -> 46692 | AK37: =EOMONTH(AI37,-2)+1 -> 46692 | AS37: 45901 | AT37: 16424.3 | AU37: 16429.6 | AV37: 16582.6 | AW37: 16211.3 | AX37: 16579.1
AI38: =AI37+31 -> 46769 | AJ38: =AK38 -> 46722 | AK38: =EOMONTH(AI38,-2)+1 -> 46722 | AS38: 45931 | AT38: 16177.7 | AU38: 17094.7 | AV38: 16965.5 | AW38: 14770.3 | AX38: 17024.5
AI39: =AI38+31 -> 46800 | AJ39: =AK39 -> 46753 | AK39: =EOMONTH(AI39,-2)+1 -> 46753 | AS39: 45962 | AT39: 14812.7 | AU39: 15617 | AV39: 15411.9 | AW39: 14940.3 | AX39: 15410.4
AI40: =AI39+31 -> 46831 | AJ40: =AK40 -> 46813 | AK40: =EOMONTH(AI40,-2)+30 -> 46813 | AS40: 45992 | AT40: 11194.7 | AU40: 13793 | AV40: 13346 | AW40: 13002.1 | AX40: 12670
AS41: 46023 | AT41: {=TRANSPOSE('USINA 01 - Barreirinhas'!CI6:CT6)} -> 12203.2 | AU41: {=TRANSPOSE('USINA 02 - Barreirinhas'!CI6:CT6)} -> 14337.7 | AV41: {=TRANSPOSE('USINA 03 - Barreirinhas'!CI6:CT6)} -> 14478 | AW41: {=TRANSPOSE('USINA 05 - Barreirinhas'!CI6:CT6)} -> 13793.4 | AX41: {=TRANSPOSE('USINA 06 - Barreirinhas'!CI6:CT6)} -> 14865.4
AS42: 46054 | AT42: 12332.2 | AU42: 12753 | AV42: 12128.8 | AW42: 11994.5 | AX42: 12822.6
AS43: 46082 | AT43: 11132.2 | AU43: 12856.3 | AV43: 11098.7 | AW43: 11883.6 | AX43: 12704.3 | AY43: =SUM(AT43:AX43) -> 59675.1
AS44: 46113 | AT44: 0 | AU44: 0 | AV44: 0 | AW44: 0 | AX44: 0
AS45: 46143 | AT45: 0 | AU45: 0 | AV45: 0 | AW45: 0 | AX45: 0
AS46: 46174 | AT46: 0 | AU46: 0 | AV46: 0 | AW46: 0 | AX46: 0
AS47: 46204 | AT47: 0 | AU47: 0 | AV47: 0 | AW47: 0 | AX47: 0
AS48: 46235 | AT48: 0 | AU48: 0 | AV48: 0 | AW48: 0 | AX48: 0
AS49: 46266 | AT49: 0 | AU49: 0 | AV49: 0 | AW49: 0 | AX49: 0
AS50: 46296 | AT50: 0 | AU50: 0 | AV50: 0 | AW50: 0 | AX50: 0
AS51: 46327 | AT51: 0 | AU51: 0 | AV51: 0 | AW51: 0 | AX51: 0
AS52: 46357 | AT52: 0 | AU52: 0 | AV52: 0 | AW52: 0 | AX52: 0
AS53: Geração média (kWh) | AT53: =SUM(AT5:AT52)/COUNTIF(AT5:AT52,"<>0") -> 12881.345 | AU53: =SUM(AU5:AU52)/COUNTIF(AU5:AU52,"<>0") -> 14272.141 | AV53: =SUM(AV5:AV52)/COUNTIF(AV5:AV52,"<>0") -> 13797.075 | AW53: =SUM(AW5:AW52)/COUNTIF(AW5:AW52,"<>0") -> 13152.519 | AX53: =SUM(AX5:AX52)/COUNTIF(AX5:AX52,"<>0") -> 13358.252
AS54: Desempenho (%) | AT54: =AT53/14000-1 -> -0.079903947 | AU54: =AU53/14000-1 -> 0.019438624 | AV54: =AV53/14000-1 -> -0.014494643 | AW54: =AW53/14000-1 -> -0.060534392 | AX54: =AX53/14000-1 -> -0.045839153
AS55: 46082 | AT55: =AT43/14000-1 -> -0.20484286 | AU55: =AU43/14000-1 -> -0.081692857 | AV55: =AV43/14000-1 -> -0.20723571 | AW55: =AW43/14000-1 -> -0.15117143 | AX55: =AX43/14000-1 -> -0.09255
AS57: Ano | AT57: Usina 1 | AU57: Usina 2 | AV57: Usina 3 | AW57: Usina 5 | AX57: Usina 6
AS58: 2023 | AT58: =SUM(AT5:AT16) -> 130039.5 | AU58: =SUM(AU5:AU16) -> 0 | AV58: =SUM(AV5:AV16) -> 0 | AW58: =SUM(AW5:AW16) -> 0 | AX58: =SUM(AX5:AX16) -> 0
AS59: =AS58+1 -> 2024 | AT59: =SUM(AT17:AT28) -> 163138.4 | AU59: =SUM(AU17:AU28) -> 170064.5 | AV59: =SUM(AV17:AV28) -> 68042.1 | AW59: =SUM(AW17:AW28) -> 154872.9 | AX59: =SUM(AX17:AX28) -> 149239.6
AS60: =AS59+1 -> 2025 | AT60: =SUM(AT29:AT40) -> 160645.6 | AU60: =SUM(AU29:AU40) -> 175336.3 | AV60: =SUM(AV29:AV40) -> 170193.9 | AW60: =SUM(AW29:AW40) -> 162573.6 | AX60: =SUM(AX29:AX40) -> 171040.9
AS61: =AS60+1 -> 2026 | AT61: =SUM(AT41:AT52) -> 35667.6 | AU61: =SUM(AU41:AU52) -> 39947 | AV61: =SUM(AV41:AV52) -> 37705.5 | AW61: =SUM(AW41:AW52) -> 37671.5 | AX61: =SUM(AX41:AX52) -> 40392.3
B91: Nota: | E91: ="Projeção geração mensal - base na média diária em "&YEAR(Y3)&"" -> Projeção geração mensal - base na média diária em 2026
B92: E9 | E92: O potencial de geração de energia será de até 14.000 kWh/mês ou 168.000 KWh/ano, sendo que esse valor pode variar até 15% para mais ou para menos dependendo das condições climáticas. Criada regra para destaque em "verde" para geração média mensal no ano em curso maior que 14.000 kWh/mês.
Z105: Mês atual | AA105: ="Geração SPE 1 - "&LEFT(PROPER(TEXT(Y3,"mmmm")),3)&"/"&YEAR(Y3) -> Geração SPE 1 - Abr/2026 | AB105: ="Geração SPE 2 - "&LEFT(PROPER(TEXT(Y3,"mmmm")),3)&"/"&YEAR(Y3) -> Geração SPE 2 - Abr/2026 | AC105: ="Geração SPE 3 - "&LEFT(PROPER(TEXT(Y3,"mmmm")),3)&"/"&YEAR(Y3) -> Geração SPE 3 - Abr/2026 | AD105: ="Geração SPE 5 - "&LEFT(PROPER(TEXT(Y3,"mmmm")),3)&"/"&YEAR(Y3) -> Geração SPE 5 - Abr/2026 | AE105: ="Geração SM - "&LEFT(PROPER(TEXT(Y3,"mmmm")),3)&"/"&YEAR(Y3) -> Geração SM - Abr/2026
Z106: =AA3 -> 46113 | AA106: =VLOOKUP(Sumario!Z106,'USINA 01 - Barreirinhas'!$BZ$4:$CA$378,2) -> 321.4 | AB106: =VLOOKUP(Sumario!Z106,'USINA 02 - Barreirinhas'!$BZ$4:$CA$378,2) -> 331.2 | AC106: =VLOOKUP(Sumario!Z106,'USINA 03 - Barreirinhas'!$BZ$4:$CA$378,2) -> 0 | AD106: =VLOOKUP(Sumario!Z106,'USINA 05 - Barreirinhas'!$BZ$4:$CA$378,2) -> 319.3 | AE106: =VLOOKUP(Sumario!Z106,'USINA 06 - Barreirinhas'!$BZ$4:$CA$378,2) -> 341.9
Z107: =Z106+1 -> 46114 | AA107: =VLOOKUP(Sumario!Z107,'USINA 01 - Barreirinhas'!$BZ$4:$CA$378,2) -> 267.7 | AB107: =VLOOKUP(Sumario!Z107,'USINA 02 - Barreirinhas'!$BZ$4:$CA$378,2) -> 277.5 | AC107: =VLOOKUP(Sumario!Z107,'USINA 03 - Barreirinhas'!$BZ$4:$CA$378,2) -> 0 | AD107: =VLOOKUP(Sumario!Z107,'USINA 05 - Barreirinhas'!$BZ$4:$CA$378,2) -> 247.5 | AE107: =VLOOKUP(Sumario!Z107,'USINA 06 - Barreirinhas'!$BZ$4:$CA$378,2) -> 260.5
Z108: =Z107+1 -> 46115 | AA108: =VLOOKUP(Sumario!Z108,'USINA 01 - Barreirinhas'!$BZ$4:$CA$378,2) -> 517.5 | AB108: =VLOOKUP(Sumario!Z108,'USINA 02 - Barreirinhas'!$BZ$4:$CA$378,2) -> 513.1 | AC108: =VLOOKUP(Sumario!Z108,'USINA 03 - Barreirinhas'!$BZ$4:$CA$378,2) -> 0 | AD108: =VLOOKUP(Sumario!Z108,'USINA 05 - Barreirinhas'!$BZ$4:$CA$378,2) -> 498.9 | AE108: =VLOOKUP(Sumario!Z108,'USINA 06 - Barreirinhas'!$BZ$4:$CA$378,2) -> 527.1
Z109: =Z108+1 -> 46116 | AA109: =VLOOKUP(Sumario!Z109,'USINA 01 - Barreirinhas'!$BZ$4:$CA$378,2) -> 531.3 | AB109: =VLOOKUP(Sumario!Z109,'USINA 02 - Barreirinhas'!$BZ$4:$CA$378,2) -> 525.2 | AC109: =VLOOKUP(Sumario!Z109,'USINA 03 - Barreirinhas'!$BZ$4:$CA$378,2) -> 0 | AD109: =VLOOKUP(Sumario!Z109,'USINA 05 - Barreirinhas'!$BZ$4:$CA$378,2) -> 442.2 | AE109: =VLOOKUP(Sumario!Z109,'USINA 06 - Barreirinhas'!$BZ$4:$CA$378,2) -> 507.6
Z110: =Z109+1 -> 46117 | AA110: =VLOOKUP(Sumario!Z110,'USINA 01 - Barreirinhas'!$BZ$4:$CA$378,2) -> 415.9 | AB110: =VLOOKUP(Sumario!Z110,'USINA 02 - Barreirinhas'!$BZ$4:$CA$378,2) -> 416.4 | AC110: =VLOOKUP(Sumario!Z110,'USINA 03 - Barreirinhas'!$BZ$4:$CA$378,2) -> 0 | AD110: =VLOOKUP(Sumario!Z110,'USINA 05 - Barreirinhas'!$BZ$4:$CA$378,2) -> 380.2 | AE110: =VLOOKUP(Sumario!Z110,'USINA 06 - Barreirinhas'!$BZ$4:$CA$378,2) -> 422.8
Z111: =Z110+1 -> 46118 | AA111: =VLOOKUP(Sumario!Z111,'USINA 01 - Barreirinhas'!$BZ$4:$CA$378,2) -> 0 | AB111: =VLOOKUP(Sumario!Z111,'USINA 02 - Barreirinhas'!$BZ$4:$CA$378,2) -> 0 | AC111: =VLOOKUP(Sumario!Z111,'USINA 03 - Barreirinhas'!$BZ$4:$CA$378,2) -> 0 | AD111: =VLOOKUP(Sumario!Z111,'USINA 05 - Barreirinhas'!$BZ$4:$CA$378,2) -> 0 | AE111: =VLOOKUP(Sumario!Z111,'USINA 06 - Barreirinhas'!$BZ$4:$CA$378,2) -> 0
Z112: =Z111+1 -> 46119 | AA112: =VLOOKUP(Sumario!Z112,'USINA 01 - Barreirinhas'!$BZ$4:$CA$378,2) -> 0 | AB112: =VLOOKUP(Sumario!Z112,'USINA 02 - Barreirinhas'!$BZ$4:$CA$378,2) -> 0 | AC112: =VLOOKUP(Sumario!Z112,'USINA 03 - Barreirinhas'!$BZ$4:$CA$378,2) -> 0 | AD112: =VLOOKUP(Sumario!Z112,'USINA 05 - Barreirinhas'!$BZ$4:$CA$378,2) -> 0 | AE112: =VLOOKUP(Sumario!Z112,'USINA 06 - Barreirinhas'!$BZ$4:$CA$378,2) -> 0
Z113: =Z112+1 -> 46120 | AA113: =VLOOKUP(Sumario!Z113,'USINA 01 - Barreirinhas'!$BZ$4:$CA$378,2) -> 0 | AB113: =VLOOKUP(Sumario!Z113,'USINA 02 - Barreirinhas'!$BZ$4:$CA$378,2) -> 0 | AC113: =VLOOKUP(Sumario!Z113,'USINA 03 - Barreirinhas'!$BZ$4:$CA$378,2) -> 0 | AD113: =VLOOKUP(Sumario!Z113,'USINA 05 - Barreirinhas'!$BZ$4:$CA$378,2) -> 0 | AE113: =VLOOKUP(Sumario!Z113,'USINA 06 - Barreirinhas'!$BZ$4:$CA$378,2) -> 0
Z114: =Z113+1 -> 46121 | AA114: =VLOOKUP(Sumario!Z114,'USINA 01 - Barreirinhas'!$BZ$4:$CA$378,2) -> 0 | AB114: =VLOOKUP(Sumario!Z114,'USINA 02 - Barreirinhas'!$BZ$4:$CA$378,2) -> 0 | AC114: =VLOOKUP(Sumario!Z114,'USINA 03 - Barreirinhas'!$BZ$4:$CA$378,2) -> 0 | AD114: =VLOOKUP(Sumario!Z114,'USINA 05 - Barreirinhas'!$BZ$4:$CA$378,2) -> 0 | AE114: =VLOOKUP(Sumario!Z114,'USINA 06 - Barreirinhas'!$BZ$4:$CA$378,2) -> 0
Z115: =Z114+1 -> 46122 | AA115: =VLOOKUP(Sumario!Z115,'USINA 01 - Barreirinhas'!$BZ$4:$CA$378,2) -> 0 | AB115: =VLOOKUP(Sumario!Z115,'USINA 02 - Barreirinhas'!$BZ$4:$CA$378,2) -> 0 | AC115: =VLOOKUP(Sumario!Z115,'USINA 03 - Barreirinhas'!$BZ$4:$CA$378,2) -> 0 | AD115: =VLOOKUP(Sumario!Z115,'USINA 05 - Barreirinhas'!$BZ$4:$CA$378,2) -> 0 | AE115: =VLOOKUP(Sumario!Z115,'USINA 06 - Barreirinhas'!$BZ$4:$CA$378,2) -> 0
Z116: =Z115+1 -> 46123 | AA116: =VLOOKUP(Sumario!Z116,'USINA 01 - Barreirinhas'!$BZ$4:$CA$378,2) -> 0 | AB116: =VLOOKUP(Sumario!Z116,'USINA 02 - Barreirinhas'!$BZ$4:$CA$378,2) -> 0 | AC116: =VLOOKUP(Sumario!Z116,'USINA 03 - Barreirinhas'!$BZ$4:$CA$378,2) -> 0 | AD116: =VLOOKUP(Sumario!Z116,'USINA 05 - Barreirinhas'!$BZ$4:$CA$378,2) -> 0 | AE116: =VLOOKUP(Sumario!Z116,'USINA 06 - Barreirinhas'!$BZ$4:$CA$378,2) -> 0
Z117: =Z116+1 -> 46124 | AA117: =VLOOKUP(Sumario!Z117,'USINA 01 - Barreirinhas'!$BZ$4:$CA$378,2) -> 0 | AB117: =VLOOKUP(Sumario!Z117,'USINA 02 - Barreirinhas'!$BZ$4:$CA$378,2) -> 0 | AC117: =VLOOKUP(Sumario!Z117,'USINA 03 - Barreirinhas'!$BZ$4:$CA$378,2) -> 0 | AD117: =VLOOKUP(Sumario!Z117,'USINA 05 - Barreirinhas'!$BZ$4:$CA$378,2) -> 0 | AE117: =VLOOKUP(Sumario!Z117,'USINA 06 - Barreirinhas'!$BZ$4:$CA$378,2) -> 0
Z118: =Z117+1 -> 46125 | AA118: =VLOOKUP(Sumario!Z118,'USINA 01 - Barreirinhas'!$BZ$4:$CA$378,2) -> 0 | AB118: =VLOOKUP(Sumario!Z118,'USINA 02 - Barreirinhas'!$BZ$4:$CA$378,2) -> 0 | AC118: =VLOOKUP(Sumario!Z118,'USINA 03 - Barreirinhas'!$BZ$4:$CA$378,2) -> 0 | AD118: =VLOOKUP(Sumario!Z118,'USINA 05 - Barreirinhas'!$BZ$4:$CA$378,2) -> 0 | AE118: =VLOOKUP(Sumario!Z118,'USINA 06 - Barreirinhas'!$BZ$4:$CA$378,2) -> 0
... Z136: =Z135+1 -> 46143 | AA136: =VLOOKUP(Sumario!Z136,'USINA 01 - Barreirinhas'!$BZ$4:$CA$378,2) -> 0 | AB136: =VLOOKUP(Sumario!Z136,'USINA 02 - Barreirinhas'!$BZ$4:$CA$378,2) -> 0 | AC136: =VLOOKUP(Sumario!Z136,'USINA 03 - Barreirinhas'!$BZ$4:$CA$378,2) -> 0 | AD136: =VLOOKUP(Sumario!Z136,'USINA 05 - Barreirinhas'!$BZ$4:$CA$378,2) -> 0 | AE136: =VLOOKUP(Sumario!Z136,'USINA 06 - Barreirinhas'!$BZ$4:$CA$378,2) -> 0

Sheet USINA 01 - Barreirinhas
A2: Histórico de geração - SPE 1 (2023) | Y2: Histórico de geração - SPE 1 (2024) | AX2: Histórico de geração - SPE 1 (2025) | BZ2: Histórico de geração - SPE 1 (2026)
A3: Dia | B3: Geração de energia diária (inversor)(kWh) | C3: Período Equatorial | D3: Referência | E3: A | F3: B | Y3: Dia | Z3: Geração de energia diária (inversor)(kWh) | AA3: Sem medição | AB3: Período Equatorial | AC3: Referência | AD3: A | AE3: B | AM3: =24/30 -> 0.8 | AN3: =AM3*AL6 -> 11803.6 | AX3: Dia | AY3: Geração de energia diária (inversor)(kWh) | AZ3: Dias sem gesração | BA3: Período Equatorial | BB3: Referência | BC3: A | BD3: B | BZ3: Dia | CA3: Geração de energia diária (inversor)(kWh) | CB3: Dias sem gesração | CC3: Período Equatorial | CD3: Referência | CE3: A | CF3: B
A4: 44927 | B4: 0 | C4: =IFERROR(VLOOKUP(A3,$H$381:$N$415,5,FALSE),"") | D4: 44896 | E4: =IFERROR(VLOOKUP(A4,$H$422:$J$433,3,FALSE),"") -> 44927 | F4: 44927 | H4: Descrição | I4: 44927 | J4: 44958 | K4: 44986 | L4: 45017 | M4: 45047 | N4: 45078 | O4: 45108 | P4: 45139 | Q4: 45170 | R4: 45200 | S4: 45231 | T4: 45261 | U4: Total | Y4: =A364 -> 45287 | AB4: 45261 | AC4: 45261 | AD4: =IFERROR(VLOOKUP(Y4,$H$422:$J$457,3,FALSE),"") | AG4: Descrição | AH4: 45292 | AI4: 45323 | AJ4: 45352 | AK4: 45383 | AL4: 45413 | AM4: 45444 | AN4: 45474 | AO4: 45505 | AP4: 45536 | AQ4: 45566 | AR4: 45597 | AS4: 45627 | AT4: Total | AX4: =Y364 -> 45647 | AY4: 464.4 | AZ4: =IF(AY4=0,1,0) -> 0 | BA4: =IFERROR(VLOOKUP(AX3,'Geração Equatorial x Medido'!$O$4:$P$55,2,FALSE),"") | BB4: 45627 | BC4: =IFERROR(VLOOKUP(AX4,$H$422:$J$457,3,FALSE),"") | BF4: Descrição | BG4: 45658 | BH4: 45689 | BI4: 45717 | BJ4: 45748 | BK4: 45778 | BL4: 45809 | BM4: 45839 | BN4: 45870 | BO4: 45901 | BP4: 45931 | BQ4: 45962 | BR4: 45992 | BS4: Total | BZ4: =AX369+1 -> 46013 | CA4: =AY370 -> 153.7 | CB4: =IF(CA4=0,1,0) -> 0 | CC4: =IFERROR(VLOOKUP(BZ3,'Geração Equatorial x Medido'!$O$4:$P$55,2,FALSE),"") | CD4: 45992 | CE4: =IFERROR(VLOOKUP(BZ4,$H$422:$J$469,3,FALSE),"") | CH4: Descrição | CI4: 46023 | CJ4: 46054 | CK4: 46082 | CL4: 46113 | CM4: 46143 | CN4: 46174 | CO4: 46204 | CP4: 46235 | CQ4: 46266 | CR4: 46296 | CS4: 46327 | CT4: 46357 | CU4: Total
A5: =A4+1 -> 44928 | B5: 0 | C5: =IFERROR(VLOOKUP(A5,'Geração Equatorial x Medido'!$O$4:$P$15,2,FALSE),"") | D5: =IF(C5="",D4,C5) -> 44896 | E5: =IFERROR(VLOOKUP(A5,$H$422:$J$433,3,FALSE),"") | F5: =IF(E5="",F4,E5) -> 44927 | H5: Somado da tabela (kWh) | I5: =SUMIF($F:$F,I4,$B:$B) -> 0 | J5: =SUMIF($F:$F,J4,$B:$B) -> 10149.7 | K5: =SUMIF($F:$F,K4,$B:$B) -> 12375.7 | L5: =SUMIF($F:$F,L4,$B:$B) -> 6248.2 | M5: =SUMIF($F:$F,M4,$B:$B) -> 14201.9 | N5: =SUMIF($F:$F,N4,$B:$B) -> 12993.9 | O5: =SUMIF($F:$F,O4,$B:$B) -> 16526.8 | P5: =SUMIF($F:$F,P4,$B:$B) -> 16609.9 | ... T5: =SUMIF($F:$F,T4,$B:$B) -> 11226.6 | U5: =SUM($I$5:$T$5) -> 130338.8 | Y5: =Y4+1 -> 45288 | AB5: =IFERROR(VLOOKUP(Y5,'Geração Equatorial x Medido'!$O$15:$R$18,2,FALSE),"") -> 45261 | AC5: =IF(AB5="",AC4,AB5) -> 45261 | AD5: =IFERROR(VLOOKUP(Y5,$H$422:$J$457,3,FALSE),"") | AG5: Somado da tabela (kWh) | AH5: =SUMIF($AE:$AE,AH4,$Z:$Z) -> 12403.7 | AI5: =SUMIF($AE:$AE,AI4,$Z:$Z) -> 11324.1 | AJ5: =SUMIF($AE:$AE,AJ4,$Z:$Z) -> 12777.9 | AK5: =SUMIF($AE:$AE,AK4,$Z:$Z) -> 12706.2 | AL5: =SUMIF($AE:$AE,AL4,$Z:$Z) -> 14754.5 | AM5: =SUMIF($AE:$AE,AM4,$Z:$Z) -> 10264.9 | AN5: =SUMIF($AE:$AE,AN4,$Z:$Z) -> 16180.8 | AO5: =SUMIF($AE:$AE,AO4,$Z:$Z) -> 14513.9 | ... AS5: =SUMIF($AE:$AE,AS4,$Z:$Z) -> 11859.7 | AT5: =SUM(AH5:AS5) -> 163138.4 | AU5: =AT5/12 -> 13594.867 | AX5: =AX4+1 -> 45648 | AY5: 209.8 | AZ5: =IF(AY5=0,1,0) -> 0 | BA5: =IFERROR(VLOOKUP(AX4,'Geração Equatorial x Medido'!$O$4:$P$55,2,FALSE),"") | BB5: =IF(BA5="",BB4,BA5) -> 45627 | BC5: =IFERROR(VLOOKUP(AX5,$H$422:$J$457,3,FALSE),"") | BF5: Somado da tabela (kWh) | BG5: =SUMIF($BD:$BD,BG4,$AY:$AY) -> 9089.5 | BH5: =SUMIF($BD:$BD,BH4,$AY:$AY) -> 9027.6 | BI5: =SUMIF($BD:$BD,BI4,$AY:$AY) -> 8751 | BJ5: =SUMIF($BD:$BD,BJ4,$AY:$AY) -> 13720.3 | BK5: =SUMIF($BD:$BD,BK4,$AY:$AY) -> 14433.7 | BL5: =SUMIF($BD:$BD,BL4,$AY:$AY) -> 14774.8 | BM5: =SUMIF($BD:$BD,BM4,$AY:$AY) -> 15755.8 | BN5: =SUMIF($BD:$BD,BN4,$AY:$AY) -> 16483.5 | ... BR5: =SUMIF($BD:$BD,BR4,$AY:$AY) -> 11194.7 | BS5: =SUM(BG5:BR5) -> 160645.6 | BZ5: =BZ4+1 -> 46014 | CA5: =AY371 -> 435.7 | CB5: =IF(CA5=0,1,0) -> 0 | CC5: =IFERROR(VLOOKUP(BZ4,'Geração Equatorial x Medido'!$O$4:$P$55,2,FALSE),"") | CD5: =IF(CC5="",CD4,CC5) -> 45992 | CE5: =IFERROR(VLOOKUP(BZ5,$H$422:$J$469,3,FALSE),"") | CH5: Somado da tabela (kWh) | CI5: =SUMIF($CF:$CF,CI4,$CA:$CA) -> 12203.2 | CJ5: =SUMIF($CF:$CF,CJ4,$CA:$CA) -> 12332.2 | CK5: =SUMIF($CF:$CF,CK4,$CA:$CA) -> 11132.2 | CL5: =SUMIF($CF:$CF,CL4,$CA:$CA) -> 2053.8 | CM5: =SUMIF($CF:$CF,CM4,$CA:$CA) -> 0 | CN5: =SUMIF($CF:$CF,CN4,$CA:$CA) -> 0 | CO5: =SUMIF($CF:$CF,CO4,$CA:$CA) -> 0 | CP5: =SUMIF($CF:$CF,CP4,$CA:$CA) -> 0 | ... CT5: =SUMIF($CF:$CF,CT4,$CA:$CA) -> 0 | CU5: =SUM(CI5:CT5) -> 37721.4
A6: =A5+1 -> 44929 | B6: 0 | C6: =IFERROR(VLOOKUP(A6,'Geração Equatorial x Medido'!$O$4:$P$15,2,FALSE),"") | D6: =IF(C6="",D5,C6) -> 44896 | E6: =IFERROR(VLOOKUP(A6,$H$422:$J$433,3,FALSE),"") | F6: =IF(E6="",F5,E6) -> 44927 | H6: Supervisório (kWh) | I6: 0 | J6: 10149.7 | K6: 12375.7 | L6: 6248.2 | M6: 14201.9 | N6: 12993.9 | O6: 16526.8 | P6: 16609.9 | Q6: 7504.1 | R6: 9262.6 | S6: 12940.1 | T6: 11226.6 | U6: =SUM(I6:T6) -> 130039.5 | Y6: =Y5+1 -> 45289 | AB6: =IFERROR(VLOOKUP(Y6,'Geração Equatorial x Medido'!$O$15:$R$18,2,FALSE),"") | AC6: =IF(AB6="",AC5,AB6) -> 45261 | AD6: =IFERROR(VLOOKUP(Y6,$H$422:$J$457,3,FALSE),"") | AG6: Supervisório (kWh) | AH6: 12403.7 | AI6: 11324.1 | AJ6: 12777.9 | AK6: 12706.2 | AL6: 14754.5 | AM6: 10264.9 | AN6: 16180.8 | AO6: 14513.9 | AP6: 16702.3 | AQ6: 15717.8 | AR6: 13932.6 | AS6: 11859.7 | AT6: =SUM(AH6:AS6) -> 163138.4 | AX6: =AX5+1 -> 45649 | AY6: 210 | AZ6: =IF(AY6=0,1,0) -> 0 | BA6: =IFERROR(VLOOKUP(AX5,'Geração Equatorial x Medido'!$O$4:$P$55,2,FALSE),"") | BB6: =IF(BA6="",BB5,BA6) -> 45627 | BC6: =IFERROR(VLOOKUP(AX6,$H$422:$J$457,3,FALSE),"") | BF6: Supervisório (kWh) | BG6: 9089.5 | BH6: 9027.6 | BI6: 8751 | BJ6: 13720.3 | BK6: 14433.7 | BL6: 14774.8 | BM6: 15755.8 | BN6: 16483.5 | BO6: 16424.3 | BP6: 16177.7 | BQ6: 14812.7 | BR6: 11194.7 | BS6: =SUM(BG6:BR6) -> 160645.6 | BZ6: =BZ5+1 -> 46015 | CA6: =AY372 -> 491.5 | CB6: =IF(CA6=0,1,0) -> 0 | CC6: =IFERROR(VLOOKUP(BZ5,'Geração Equatorial x Medido'!$O$4:$P$55,2,FALSE),"") | CD6: =IF(CC6="",CD5,CC6) -> 45992 | CE6: =IFERROR(VLOOKUP(BZ6,$H$422:$J$469,3,FALSE),"") | CH6: Supervisório (kWh) | CI6: 12203.2 | CJ6: 12332.2 | CK6: 11132.2 | CU6: =SUM(CI6:CT6) -> 35667.6
A7: =A6+1 -> 44930 | B7: 0 | C7: =IFERROR(VLOOKUP(A7,'Geração Equatorial x Medido'!$O$4:$P$15,2,FALSE),"") | D7: =IF(C7="",D6,C7) -> 44896 | E7: =IFERROR(VLOOKUP(A7,$H$422:$J$433,3,FALSE),"") | F7: =IF(E7="",F6,E7) -> 44927 | H7: Diferença (kWh) | I7: =I5-I6 -> 0 | J7: =J5-J6 -> 0 | K7: =K5-K6 -> 0 | L7: =L5-L6 -> 0 | M7: =M5-M6 -> 0 | N7: =N5-N6 -> 0 | O7: =O5-O6 -> 0 | P7: =P5-P6 -> 0 | ... T7: =T5-T6 -> 0 | U7: =SUM(I7:T7) -> 299.3 | Y7: =Y6+1 -> 45290 | AB7: =IFERROR(VLOOKUP(Y7,'Geração Equatorial x Medido'!$O$15:$R$18,2,FALSE),"") | AC7: =IF(AB7="",AC6,AB7) -> 45261 | AD7: =IFERROR(VLOOKUP(Y7,$H$422:$J$457,3,FALSE),"") | AG7: Diferença (kWh) | AH7: =AH5-AH6 -> 0 | AI7: =AI5-AI6 -> 0 | AJ7: =AJ5-AJ6 -> 0 | AK7: =AK5-AK6 -> 0 | AL7: =AL5-AL6 -> 0 | AM7: =AM5-AM6 -> 0 | AN7: =AN5-AN6 -> 0 | AO7: =AO5-AO6 -> 0 | ... AS7: =AS5-AS6 -> 0 | AT7: =SUM(AH7:AS7) -> 0 | AX7: =AX6+1 -> 45650 | AY7: 163.4 | AZ7: =IF(AY7=0,1,0) -> 0 | BA7: =IFERROR(VLOOKUP(AX6,'Geração Equatorial x Medido'!$O$4:$P$55,2,FALSE),"") | BB7: =IF(BA7="",BB6,BA7) -> 45627 | BC7: =IFERROR(VLOOKUP(AX7,$H$422:$J$457,3,FALSE),"") | BF7: Diferença (kWh) | BG7: =BG5-BG6 -> 0 | BH7: =BH5-BH6 -> 0 | BI7: =BI5-BI6 -> 0 | BJ7: =BJ5-BJ6 -> 0 | BK7: =BK5-BK6 -> 0 | BL7: =BL5-BL6 -> 0 | BM7: =BM5-BM6 -> 0 | BN7: =BN5-BN6 -> 0 | ... BR7: =BR5-BR6 -> 0 | BS7: =SUM(BG7:BR7) -> 0 | BZ7: =BZ6+1 -> 46016 | CA7: =AY373 -> 185.1 | CB7: =IF(CA7=0,1,0) -> 0 | CC7: =IFERROR(VLOOKUP(BZ6,'Geração Equatorial x Medido'!$O$4:$P$55,2,FALSE),"") | CD7: =IF(CC7="",CD6,CC7) -> 45992 | CE7: =IFERROR(VLOOKUP(BZ7,$H$422:$J$469,3,FALSE),"") | CH7: Diferença (kWh) | CI7: =CI5-CI6 -> 0 | CJ7: =CJ5-CJ6 -> 0 | CK7: =CK5-CK6 -> 0 | CL7: =CL5-CL6 -> 2053.8 | CM7: =CM5-CM6 -> 0 | CN7: =CN5-CN6 -> 0 | CO7: =CO5-CO6 -> 0 | CP7: =CP5-CP6 -> 0 | ... CT7: =CT5-CT6 -> 0 | CU7: =SUM(CI7:CT7) -> 2053.8
A8: =A7+1 -> 44931 | B8: 0 | C8: =IFERROR(VLOOKUP(A8,'Geração Equatorial x Medido'!$O$4:$P$15,2,FALSE),"") | D8: =IF(C8="",D7,C8) -> 44896 | E8: =IFERROR(VLOOKUP(A8,$H$422:$J$433,3,FALSE),"") | F8: =IF(E8="",F7,E8) -> 44927 | H8: Média mensal (kWh/mês) | I8: =AVERAGEIF($F:$F,I4,$B:$B) -> 0 | J8: =AVERAGEIF($F:$F,J4,$B:$B) -> 362.48929 | K8: =AVERAGEIF($F:$F,K4,$B:$B) -> 399.21613 | L8: =AVERAGEIF($F:$F,L4,$B:$B) -> 208.27333 | M8: =AVERAGEIF($F:$F,M4,$B:$B) -> 458.12581 | N8: =AVERAGEIF($F:$F,N4,$B:$B) -> 433.13 | O8: =AVERAGEIF($F:$F,O4,$B:$B) -> 533.12258 | P8: =AVERAGEIF($F:$F,P4,$B:$B) -> 535.80323 | ... T8: =AVERAGEIF($F:$F,T4,$B:$B) -> 362.14839 | U8: =AVERAGE(B4:B368) -> 357.0926 | Y8: =Y7+1 -> 45291 | AB8: =IFERROR(VLOOKUP(Y8,'Geração Equatorial x Medido'!$O$15:$R$18,2,FALSE),"") | AC8: =IF(AB8="",AC7,AB8) -> 45261 | AD8: =IFERROR(VLOOKUP(Y8,$H$422:$J$457,3,FALSE),"") | AG8: Média diária (kWh/mês) | AH8: =AVERAGEIF($AE:$AE,AH4,$Z:$Z) -> 400.11935 | AI8: =AVERAGEIF($AE:$AE,AI4,$Z:$Z) -> 390.48621 | AJ8: =AVERAGEIF($AE:$AE,AJ4,$Z:$Z) -> 412.19032 | AK8: =AVERAGEIF($AE:$AE,AK4,$Z:$Z) -> 423.54 | AL8: =AVERAGEIF($AE:$AE,AL4,$Z:$Z) -> 475.95161 | AM8: =AVERAGEIF($AE:$AE,AM4,$Z:$Z) -> 342.16333 | AN8: =AVERAGEIF($AE:$AE,AN4,$Z:$Z) -> 521.96129 | AO8: =AVERAGEIF($AE:$AE,AO4,$Z:$Z) -> 468.19032 | ... AS8: =AVERAGEIF($AE:$AE,AS4,$Z:$Z) -> 382.57097 | AT8: =AVERAGE(Z9:Z374) -> 445.73333 | AX8: =AX7+1 -> 45651 | AY8: 199.6 | AZ8: =IF(AY8=0,1,0) -> 0 | BA8: =IFERROR(VLOOKUP(AX7,'Geração Equatorial x Medido'!$O$4:$P$55,2,FALSE),"") | BB8: =IF(BA8="",BB7,BA8) -> 45627 | BC8: =IFERROR(VLOOKUP(AX8,$H$422:$J$457,3,FALSE),"") | BF8: Média diária (kWh/mês) | BG8: =AVERAGEIF($BD:$BD,BG4,$AY:$AY) -> 293.20968 | BH8: =AVERAGEIF($BD:$BD,BH4,$AY:$AY) -> 322.41429 | BI8: =AVERAGEIF($BD:$BD,BI4,$AY:$AY) -> 282.29032 | BJ8: =AVERAGEIF($BD:$BD,BJ4,$AY:$AY) -> 457.34333 | BK8: =AVERAGEIF($BD:$BD,BK4,$AY:$AY) -> 465.60323 | BL8: =AVERAGEIF($BD:$BD,BL4,$AY:$AY) -> 492.49333 | BM8: =AVERAGEIF($BD:$BD,BM4,$AY:$AY) -> 508.25161 | BN8: =AVERAGEIF($BD:$BD,BN4,$AY:$AY) -> 531.72581 | ... BR8: =AVERAGEIF($BD:$BD,BR4,$AY:$AY) -> 361.11935 | BS8: =AVERAGE(AY15:AY379) -> 440.12493 | BZ8: =BZ7+1 -> 46017 | CA8: =AY374 -> 203.7 | CB8: =IF(CA8=0,1,0) -> 0 | CC8: =IFERROR(VLOOKUP(BZ7,'Geração Equatorial x Medido'!$O$4:$P$55,2,FALSE),"") | CD8: =IF(CC8="",CD7,CC8) -> 45992 | CE8: =IFERROR(VLOOKUP(BZ8,$H$422:$J$469,3,FALSE),"") | CH8: Média diária (kWh/mês) | CI8: =AVERAGEIF($CF:$CF,CI4,$CA:$CA) -> 393.65161 | CJ8: =AVERAGEIF($CF:$CF,CJ4,$CA:$CA) -> 440.43571 | CK8: =AVERAGEIF($CF:$CF,CK4,$CA:$CA) -> 359.10323 | CL8: =AVERAGEIF($CF:$CF,CL4,$CA:$CA) -> 410.76 | CM8: =AVERAGEIF($CF:$CF,CM4,$CA:$CA) -> #DIV/0! | CN8: =AVERAGEIF($CF:$CF,CN4,$CA:$CA) -> #DIV/0! | CO8: =AVERAGEIF($CF:$CF,CO4,$CA:$CA) -> #DIV/0! | CP8: =AVERAGEIF($CF:$CF,CP4,$CA:$CA) -> #DIV/0! | ... CT8: =AVERAGEIF($CF:$CF,CT4,$CA:$CA) -> #DIV/0! | CU8: =AVERAGE(CA14:CA378) -> 397.06737
A9: =A8+1 -> 44932 | B9: 0 | C9: =IFERROR(VLOOKUP(A9,'Geração Equatorial x Medido'!$O$4:$P$15,2,FALSE),"") | D9: =IF(C9="",D8,C9) -> 44896 | E9: =IFERROR(VLOOKUP(A9,$H$422:$J$433,3,FALSE),"") | F9: =IF(E9="",F8,E9) -> 44927 | Y9: =Y8+1 -> 45292 | Z9: 396.8 | AA9: =IF(Z9=0,1,0) -> 0 | AB9: =IFERROR(VLOOKUP(Y9,'Geração Equatorial x Medido'!$O$15:$R$18,2,FALSE),"") | AC9: =IF(AB9="",AC8,AB9) -> 45261 | AD9: =IFERROR(VLOOKUP(Y9,$H$422:$J$457,3,FALSE),"") -> 45292 | AE9: =IF(AD9="",AE8,AD9) -> 45292 | AG9: Máxima anual (kWh/mês) | AH9: =_xlfn.MAXIFS($Z$4:$Z$374,$AE$4:$AE$374,AH4) -> 529.5 | AI9: =_xlfn.MAXIFS($Z$4:$Z$374,$AE$4:$AE$374,AI4) -> 535.3 | AJ9: =_xlfn.MAXIFS($Z$4:$Z$374,$AE$4:$AE$374,AJ4) -> 587.7 | AK9: =_xlfn.MAXIFS($Z$4:$Z$374,$AE$4:$AE$374,AK4) -> 611.4 | AL9: =_xlfn.MAXIFS($Z$4:$Z$374,$AE$4:$AE$374,AL4) -> 599.9 | AM9: =_xlfn.MAXIFS($Z$4:$Z$374,$AE$4:$AE$374,AM4) -> 576.1 | AN9: =_xlfn.MAXIFS($Z$4:$Z$374,$AE$4:$AE$374,AN4) -> 594.4 | AO9: =_xlfn.MAXIFS($Z$4:$Z$374,$AE$4:$AE$374,AO4) -> 592.4 | ... AS9: =_xlfn.MAXIFS($Z$4:$Z$374,$AE$4:$AE$374,AS4) -> 519.2 | AT9: =MAX(AH9:AS9) -> 611.4 | AX9: =AX8+1 -> 45652 | AY9: 213.4 | AZ9: =IF(AY9=0,1,0) -> 0 | BA9: =IFERROR(VLOOKUP(AX8,'Geração Equatorial x Medido'!$O$4:$P$55,2,FALSE),"") | BB9: =IF(BA9="",BB8,BA9) -> 45627 | BC9: =IFERROR(VLOOKUP(AX9,$H$422:$J$457,3,FALSE),"") | BF9: Máxima anual (kWh/mês) | BG9: =_xlfn.MAXIFS($AY$4:$AY$379,$BD$4:$BD$379,BG4) -> 467.2 | BH9: =_xlfn.MAXIFS($AY$4:$AY$379,$BD$4:$BD$379,BH4) -> 494.9 | BI9: =_xlfn.MAXIFS($AY$4:$AY$379,$BD$4:$BD$379,BI4) -> 561.6 | BJ9: =_xlfn.MAXIFS($AY$4:$AY$379,$BD$4:$BD$379,BJ4) -> 598.6 | BK9: =_xlfn.MAXIFS($AY$4:$AY$379,$BD$4:$BD$379,BK4) -> 589.2 | BL9: =_xlfn.MAXIFS($AY$4:$AY$379,$BD$4:$BD$379,BL4) -> 568.9 | BM9: =_xlfn.MAXIFS($AY$4:$AY$379,$BD$4:$BD$379,BM4) -> 583.2 | BN9: =_xlfn.MAXIFS($AY$4:$AY$379,$BD$4:$BD$379,BN4) -> 611.7 | ... BR9: =_xlfn.MAXIFS($AY$4:$AY$379,$BD$4:$BD$379,BR4) -> 502.4 | BS9: =MAX(BG9:BR9) -> 611.7 | BZ9: =BZ8+1 -> 46018 | CA9: =AY375 -> 179.4 | CB9: =IF(CA9=0,1,0) -> 0 | CC9: =IFERROR(VLOOKUP(BZ8,'Geração Equatorial x Medido'!$O$4:$P$55,2,FALSE),"") | CD9: =IF(CC9="",CD8,CC9) -> 45992 | CE9: =IFERROR(VLOOKUP(BZ9,$H$422:$J$469,3,FALSE),"") | CH9: Máxima anual (kWh/mês) | CI9: =_xlfn.MAXIFS($CA$4:$CA$368,$CF$4:$CF$368,CI4) -> 526.9 | CJ9: =_xlfn.MAXIFS($CA$4:$CA$368,$CF$4:$CF$368,CJ4) -> 530 | CK9: =_xlfn.MAXIFS($CA$4:$CA$368,$CF$4:$CF$368,CK4) -> 596 | CL9: =_xlfn.MAXIFS($CA$4:$CA$368,$CF$4:$CF$368,CL4) -> 531.3 | CM9: =_xlfn.MAXIFS($CA$4:$CA$368,$CF$4:$CF$368,CM4) -> 0 | CN9: =_xlfn.MAXIFS($CA$4:$CA$368,$CF$4:$CF$368,CN4) -> 0 | CO9: =_xlfn.MAXIFS($CA$4:$CA$368,$CF$4:$CF$368,CO4) -> 0 | CP9: =_xlfn.MAXIFS($CA$4:$CA$368,$CF$4:$CF$368,CP4) -> 0 | ... CT9: =_xlfn.MAXIFS($CA$4:$CA$368,$CF$4:$CF$368,CT4) -> 0 | CU9: =MAX(CI9:CT9) -> 596
A10: =A9+1 -> 44933 | B10: 0 | C10: =IFERROR(VLOOKUP(A10,'Geração Equatorial x Medido'!$O$4:$P$15,2,FALSE),"") | D10: =IF(C10="",D9,C10) -> 44896 | E10: =IFERROR(VLOOKUP(A10,$H$422:$J$433,3,FALSE),"") | F10: =IF(E10="",F9,E10) -> 44927 | Y10: =Y9+1 -> 45293 | Z10: 336 | AA10: =IF(Z10=0,1,0) -> 0 | AB10: =IFERROR(VLOOKUP(Y10,'Geração Equatorial x Medido'!$O$15:$R$18,2,FALSE),"") | AC10: =IF(AB10="",AC9,AB10) -> 45261 | AD10: =IFERROR(VLOOKUP(Y10,$H$422:$J$457,3,FALSE),"") | AE10: =IF(AD10="",AE9,AD10) -> 45292 | AG10: Máximo mensal no ano | AH10: =IF(AH6=MAX($AH$6:$AS$6),AH6,"") | AI10: =IF(AI6=MAX($AH$6:$AS$6),AI6,"") | AJ10: =IF(AJ6=MAX($AH$6:$AS$6),AJ6,"") | AK10: =IF(AK6=MAX($AH$6:$AS$6),AK6,"") | AL10: =IF(AL6=MAX($AH$6:$AS$6),AL6,"") | AM10: =IF(AM6=MAX($AH$6:$AS$6),AM6,"") | AN10: =IF(AN6=MAX($AH$6:$AS$6),AN6,"") | AO10: =IF(AO6=MAX($AH$6:$AS$6),AO6,"") | ... AS10: =IF(AS6=MAX($AH$6:$AS$6),AS6,"") | AX10: =AX9+1 -> 45653 | AY10: 221.4 | AZ10: =IF(AY10=0,1,0) -> 0 | BA10: =IFERROR(VLOOKUP(AX9,'Geração Equatorial x Medido'!$O$4:$P$55,2,FALSE),"") | BB10: =IF(BA10="",BB9,BA10) -> 45627 | BC10: =IFERROR(VLOOKUP(AX10,$H$422:$J$457,3,FALSE),"") | BF10: Máximo mensal no ano | BG10: =IF(BG6=MAX($BG$6:$BR$6),BG6,"") | BH10: =IF(BH6=MAX($BG$6:$BR$6),BH6,"") | BI10: =IF(BI6=MAX($BG$6:$BR$6),BI6,"") | BJ10: =IF(BJ6=MAX($BG$6:$BR$6),BJ6,"") | BK10: =IF(BK6=MAX($BG$6:$BR$6),BK6,"") | BL10: =IF(BL6=MAX($BG$6:$BR$6),BL6,"") | BM10: =IF(BM6=MAX($BG$6:$BR$6),BM6,"") | BN10: =IF(BN6=MAX($BG$6:$BR$6),BN6,"") -> 16483.5 | ... BR10: =IF(BR6=MAX($BG$6:$BR$6),BR6,"") | BZ10: =BZ9+1 -> 46019 | CA10: =AY376 -> 197.9 | CB10: =IF(CA10=0,1,0) -> 0 | CC10: =IFERROR(VLOOKUP(BZ9,'Geração Equatorial x Medido'!$O$4:$P$55,2,FALSE),"") -> 45992 | CD10: =IF(CC10="",CD9,CC10) -> 45992 | CE10: =IFERROR(VLOOKUP(BZ10,$H$422:$J$469,3,FALSE),"") | CH10: Máximo mensal no ano | CI10: =IF(CI6=MAX($CI$6:$CT$6),CI6,"") | CJ10: =IF(CJ6=MAX($CI$6:$CT$6),CJ6,"") -> 12332.2 | CK10: =IF(CK6=MAX($CI$6:$CT$6),CK6,"") | CL10: =IF(CL6=MAX($CI$6:$CT$6),CL6,"") | CM10: =IF(CM6=MAX($CI$6:$CT$6),CM6,"") | CN10: =IF(CN6=MAX($CI$6:$CT$6),CN6,"") | CO10: =IF(CO6=MAX($CI$6:$CT$6),CO6,"") | CP10: =IF(CP6=MAX($CI$6:$CT$6),CP6,"") | ... CT10: =IF(CT6=MAX($CI$6:$CT$6),CT6,"")
A11: =A10+1 -> 44934 | B11: 0 | C11: =IFERROR(VLOOKUP(A11,'Geração Equatorial x Medido'!$O$4:$P$15,2,FALSE),"") | D11: =IF(C11="",D10,C11) -> 44896 | E11: =IFERROR(VLOOKUP(A11,$H$422:$J$433,3,FALSE),"") | F11: =IF(E11="",F10,E11) -> 44927 | Y11: =Y10+1 -> 45294 | Z11: 352.1 | AA11: =IF(Z11=0,1,0) -> 0 | AB11: =IFERROR(VLOOKUP(Y11,'Geração Equatorial x Medido'!$O$15:$R$18,2,FALSE),"") | AC11: =IF(AB11="",AC10,AB11) -> 45261 | AD11: =IFERROR(VLOOKUP(Y11,$H$422:$J$457,3,FALSE),"") | AE11: =IF(AD11="",AE10,AD11) -> 45292 | AX11: =AX10+1 -> 45654 | AY11: 395.8 | AZ11: =IF(AY11=0,1,0) -> 0 | BA11: =IFERROR(VLOOKUP(AX10,'Geração Equatorial x Medido'!$O$4:$P$55,2,FALSE),"") -> 45627 | BB11: =IF(BA11="",BB12,BA11) -> 45627 | BC11: =IFERROR(VLOOKUP(AX11,$H$422:$J$457,3,FALSE),"") | BF11: Dias sem Geração | BG11: =SUMIF($BB:$BB,BG4,$AZ:$AZ) -> 0 | BH11: =SUMIF($BB:$BB,BH4,$AZ:$AZ) -> 0 | BI11: =SUMIF($BB:$BB,BI4,$AZ:$AZ) -> 0 | BJ11: =SUMIF($BB:$BB,BJ4,$AZ:$AZ) -> 0 | BK11: =SUMIF($BB:$BB,BK4,$AZ:$AZ) -> 0 | BL11: =SUMIF($BB:$BB,BL4,$AZ:$AZ) -> 0 | BM11: =SUMIF($BB:$BB,BM4,$AZ:$AZ) -> 0 | BN11: =SUMIF($BB:$BB,BN4,$AZ:$AZ) -> 0 | ... BR11: =SUMIF($BB:$BB,BR4,$AZ:$AZ) -> 0 | BZ11: =BZ10+1 -> 46020 | CA11: =AY377 -> 204.5 | CB11: =IF(CA11=0,1,0) -> 0 | CC11: =IFERROR(VLOOKUP(BZ10,'Geração Equatorial x Medido'!$O$4:$P$55,2,FALSE),"") | CD11: =IF(CC11="",CD12,CC11) -> 46023 | CE11: =IFERROR(VLOOKUP(BZ11,$H$422:$J$469,3,FALSE),"") | CH11: Dias sem Geração | CI11: =SUMIF($CD$10:$CD$378,CI4,$CB$10:$CB$378) -> 0 | CJ11: =SUMIF($CD$10:$CD$378,CJ4,$CB$10:$CB$378) -> 0 | CK11: =SUMIF($CD$10:$CD$378,CK4,$CB$10:$CB$378) -> 0 | CL11: =SUMIF($CD$10:$CD$378,CL4,$CB$10:$CB$378) -> 23 | CM11: =SUMIF($CD$10:$CD$378,CM4,$CB$10:$CB$378) -> 30 | CN11: =SUMIF($CD$10:$CD$378,CN4,$CB$10:$CB$378) -> 31 | CO11: =SUMIF($CD$10:$CD$378,CO4,$CB$10:$CB$378) -> 30 | CP11: =SUMIF($CD$10:$CD$378,CP4,$CB$10:$CB$378) -> 31 | ... CT11: =SUMIF($CD$10:$CD$378,CT4,$CB$10:$CB$378) -> 30
A12: =A11+1 -> 44935 | B12: 0 | C12: =IFERROR(VLOOKUP(A12,'Geração Equatorial x Medido'!$O$4:$P$15,2,FALSE),"") | D12: =IF(C12="",D11,C12) -> 44896 | E12: =IFERROR(VLOOKUP(A12,$H$422:$J$433,3,FALSE),"") | F12: =IF(E12="",F11,E12) -> 44927 | Y12: =Y11+1 -> 45295 | Z12: 489.5 | AA12: =IF(Z12=0,1,0) -> 0 | AB12: =IFERROR(VLOOKUP(Y12,'Geração Equatorial x Medido'!$O$15:$R$18,2,FALSE),"") | AC12: =IF(AB12="",AC11,AB12) -> 45261 | AD12: =IFERROR(VLOOKUP(Y12,$H$422:$J$457,3,FALSE),"") | AE12: =IF(AD12="",AE11,AD12) -> 45292 | AX12: =AX11+1 -> 45655 | AY12: 483.7 | AZ12: =IF(AY12=0,1,0) -> 0 | BA12: =IFERROR(VLOOKUP(AX11,'Geração Equatorial x Medido'!$O$4:$P$55,2,FALSE),"") | BB12: =IF(BA12="",BB13,BA12) -> 45658 | BC12: =IFERROR(VLOOKUP(AX12,$H$422:$J$457,3,FALSE),"") | BZ12: =BZ11+1 -> 46021 | CA12: =AY378 -> 187.8 | CB12: =IF(CA12=0,1,0) -> 0 | CC12: =IFERROR(VLOOKUP(BZ11,'Geração Equatorial x Medido'!$O$4:$P$55,2,FALSE),"") | CD12: =IF(CC12="",CD13,CC12) -> 46023 | CE12: =IFERROR(VLOOKUP(BZ12,$H$422:$J$469,3,FALSE),"")
A13: =A12+1 -> 44936 | B13: 0 | C13: =IFERROR(VLOOKUP(A13,'Geração Equatorial x Medido'!$O$4:$P$15,2,FALSE),"") | D13: =IF(C13="",D12,C13) -> 44896 | E13: =IFERROR(VLOOKUP(A13,$H$422:$J$433,3,FALSE),"") | F13: =IF(E13="",F12,E13) -> 44927 | Y13: =Y12+1 -> 45296 | Z13: 529.5 | AA13: =IF(Z13=0,1,0) -> 0 | AB13: =IFERROR(VLOOKUP(Y13,'Geração Equatorial x Medido'!$O$15:$R$18,2,FALSE),"") | AC13: =IF(AB13="",AC12,AB13) -> 45261 | AD13: =IFERROR(VLOOKUP(Y13,$H$422:$J$457,3,FALSE),"") | AE13: =IF(AD13="",AE12,AD13) -> 45292 | AX13: =AX12+1 -> 45656 | AY13: 482.2 | AZ13: =IF(AY13=0,1,0) -> 0 | BA13: =IFERROR(VLOOKUP(AX12,'Geração Equatorial x Medido'!$O$4:$P$55,2,FALSE),"") | BB13: =IF(BA13="",BB14,BA13) -> 45658 | BC13: =IFERROR(VLOOKUP(AX13,$H$422:$J$457,3,FALSE),"") | BZ13: =BZ12+1 -> 46022 | CA13: =AY379 -> 179.7 | CB13: =IF(CA13=0,1,0) -> 0 | CC13: =IFERROR(VLOOKUP(BZ12,'Geração Equatorial x Medido'!$O$4:$P$55,2,FALSE),"") | CD13: =IF(CC13="",CD14,CC13) -> 46023 | CE13: =IFERROR(VLOOKUP(BZ13,$H$422:$J$469,3,FALSE),"")
A14: =A13+1 -> 44937 | B14: 0 | C14: =IFERROR(VLOOKUP(A14,'Geração Equatorial x Medido'!$O$4:$P$15,2,FALSE),"") | D14: =IF(C14="",D13,C14) -> 44896 | E14: =IFERROR(VLOOKUP(A14,$H$422:$J$433,3,FALSE),"") | F14: =IF(E14="",F13,E14) -> 44927 | Y14: =Y13+1 -> 45297 | Z14: 442 | AA14: =IF(Z14=0,1,0) -> 0 | AB14: =IFERROR(VLOOKUP(Y14,'Geração Equatorial x Medido'!$O$15:$R$18,2,FALSE),"") | AC14: =IF(AB14="",AC13,AB14) -> 45261 | AD14: =IFERROR(VLOOKUP(Y14,$H$422:$J$457,3,FALSE),"") | AE14: =IF(AD14="",AE13,AD14) -> 45292 | AX14: =AX13+1 -> 45657 | AY14: 477.9 | AZ14: =IF(AY14=0,1,0) -> 0 | BA14: =IFERROR(VLOOKUP(AX13,'Geração Equatorial x Medido'!$O$4:$P$55,2,FALSE),"") | BB14: =IF(BA14="",BB15,BA14) -> 45658 | BC14: =IFERROR(VLOOKUP(AX14,$H$422:$J$457,3,FALSE),"") | BZ14: =BZ13+1 -> 46023 | CA14: 182.1 | CB14: =IF(CA14=0,1,0) -> 0 | CC14: =IFERROR(VLOOKUP(BZ13,'Geração Equatorial x Medido'!$O$4:$P$55,2,FALSE),"") | CD14: =IF(CC14="",CD15,CC14) -> 46023 | CE14: =IFERROR(VLOOKUP(BZ14,$H$422:$J$469,3,FALSE),"") -> 46023 | CF14: =IF(CE14="",CF13,CE14) -> 46023
A15: =A14+1 -> 44938 | B15: 0 | C15: =IFERROR(VLOOKUP(A15,'Geração Equatorial x Medido'!$O$4:$P$15,2,FALSE),"") | D15: =IF(C15="",D14,C15) -> 44896 | E15: =IFERROR(VLOOKUP(A15,$H$422:$J$433,3,FALSE),"") | F15: =IF(E15="",F14,E15) -> 44927 | Y15: =Y14+1 -> 45298 | Z15: 216.7 | AA15: =IF(Z15=0,1,0) -> 0 | AB15: =IFERROR(VLOOKUP(Y15,'Geração Equatorial x Medido'!$O$15:$R$18,2,FALSE),"") | AC15: =IF(AB15="",AC14,AB15) -> 45261 | AD15: =IFERROR(VLOOKUP(Y15,$H$422:$J$457,3,FALSE),"") | AE15: =IF(AD15="",AE14,AD15) -> 45292 | AX15: =AX14+1 -> 45658 | AY15: 459.1 | AZ15: =IF(AY15=0,1,0) -> 0 | BA15: =IFERROR(VLOOKUP(AX14,'Geração Equatorial x Medido'!$O$4:$P$55,2,FALSE),"") | BB15: =IF(BA15="",BB16,BA15) -> 45658 | BC15: =IFERROR(VLOOKUP(AX15,$H$422:$J$457,3,FALSE),"") -> 45658 | BD15: =IF(BC15="",BD14,BC15) -> 45658 | BZ15: =BZ14+1 -> 46024 | CA15: 183.3 | CB15: =IF(CA15=0,1,0) -> 0 | CC15: =IFERROR(VLOOKUP(BZ14,'Geração Equatorial x Medido'!$O$4:$P$55,2,FALSE),"") | CD15: =IF(CC15="",CD16,CC15) -> 46023 | CE15: =IFERROR(VLOOKUP(BZ15,$H$422:$J$469,3,FALSE),"") | CF15: =IF(CE15="",CF14,CE15) -> 46023 | CY15: 14000
A16: =A15+1 -> 44939 | B16: 0 | C16: =IFERROR(VLOOKUP(A16,'Geração Equatorial x Medido'!$O$4:$P$15,2,FALSE),"") | D16: =IF(C16="",D15,C16) -> 44896 | E16: =IFERROR(VLOOKUP(A16,$H$422:$J$433,3,FALSE),"") | F16: =IF(E16="",F15,E16) -> 44927 | Y16: =Y15+1 -> 45299 | Z16: 435.5 | AA16: =IF(Z16=0,1,0) -> 0 | AB16: =IFERROR(VLOOKUP(Y16,'Geração Equatorial x Medido'!$O$15:$R$18,2,FALSE),"") | AC16: =IF(AB16="",AC15,AB16) -> 45261 | AD16: =IFERROR(VLOOKUP(Y16,$H$422:$J$457,3,FALSE),"") | AE16: =IF(AD16="",AE15,AD16) -> 45292 | AX16: =AX15+1 -> 45659 | AY16: 467.2 | AZ16: =IF(AY16=0,1,0) -> 0 | BA16: =IFERROR(VLOOKUP(AX15,'Geração Equatorial x Medido'!$O$4:$P$55,2,FALSE),"") | BB16: =IF(BA16="",BB17,BA16) -> 45658 | BC16: =IFERROR(VLOOKUP(AX16,$H$422:$J$457,3,FALSE),"") | BD16: =IF(BC16="",BD15,BC16) -> 45658 | BZ16: =BZ15+1 -> 46025 | CA16: 199.3 | CB16: =IF(CA16=0,1,0) -> 0 | CC16: =IFERROR(VLOOKUP(BZ15,'Geração Equatorial x Medido'!$O$4:$P$55,2,FALSE),"") | CD16: =IF(CC16="",CD17,CC16) -> 46023 | CE16: =IFERROR(VLOOKUP(BZ16,$H$422:$J$469,3,FALSE),"") | CF16: =IF(CE16="",CF15,CE16) -> 46023 | CY16: 31
A17: =A16+1 -> 44940 | B17: 0 | C17: =IFERROR(VLOOKUP(A17,'Geração Equatorial x Medido'!$O$4:$P$15,2,FALSE),"") | D17: =IF(C17="",D16,C17) -> 44896 | E17: =IFERROR(VLOOKUP(A17,$H$422:$J$433,3,FALSE),"") | F17: =IF(E17="",F16,E17) -> 44927 | Y17: =Y16+1 -> 45300 | Z17: 359 | AA17: =IF(Z17=0,1,0) -> 0 | AB17: =IFERROR(VLOOKUP(Y17,'Geração Equatorial x Medido'!$O$15:$R$18,2,FALSE),"") | AC17: =IF(AB17="",AC16,AB17) -> 45261 | AD17: =IFERROR(VLOOKUP(Y17,$H$422:$J$457,3,FALSE),"") | AE17: =IF(AD17="",AE16,AD17) -> 45292 | AX17: =AX16+1 -> 45660 | AY17: 459 | AZ17: =IF(AY17=0,1,0) -> 0 | BA17: =IFERROR(VLOOKUP(AX16,'Geração Equatorial x Medido'!$O$4:$P$55,2,FALSE),"") | BB17: =IF(BA17="",BB18,BA17) -> 45658 | BC17: =IFERROR(VLOOKUP(AX17,$H$422:$J$457,3,FALSE),"") | BD17: =IF(BC17="",BD16,BC17) -> 45658 | BZ17: =BZ16+1 -> 46026 | CA17: 198.3 | CB17: =IF(CA17=0,1,0) -> 0 | CC17: =IFERROR(VLOOKUP(BZ16,'Geração Equatorial x Medido'!$O$4:$P$55,2,FALSE),"") | CD17: =IF(CC17="",CD18,CC17) -> 46023 | CE17: =IFERROR(VLOOKUP(BZ17,$H$422:$J$469,3,FALSE),"") | CF17: =IF(CE17="",CF16,CE17) -> 46023 | CY17: =CY15/CY16 -> 451.6129
A18: =A17+1 -> 44941 | B18: 0 | C18: =IFERROR(VLOOKUP(A18,'Geração Equatorial x Medido'!$O$4:$P$15,2,FALSE),"") | D18: =IF(C18="",D17,C18) -> 44896 | E18: =IFERROR(VLOOKUP(A18,$H$422:$J$433,3,FALSE),"") | F18: =IF(E18="",F17,E18) -> 44927 | Y18: =Y17+1 -> 45301 | Z18: 448.8 | AA18: =IF(Z18=0,1,0) -> 0 | AB18: =IFERROR(VLOOKUP(Y18,'Geração Equatorial x Medido'!$O$15:$R$18,2,FALSE),"") | AC18: =IF(AB18="",AC17,AB18) -> 45261 | AD18: =IFERROR(VLOOKUP(Y18,$H$422:$J$457,3,FALSE),"") | AE18: =IF(AD18="",AE17,AD18) -> 45292 | AX18: =AX17+1 -> 45661 | AY18: 344.2 | AZ18: =IF(AY18=0,1,0) -> 0 | BA18: =IFERROR(VLOOKUP(AX17,'Geração Equatorial x Medido'!$O$4:$P$55,2,FALSE),"") | BB18: =IF(BA18="",BB19,BA18) -> 45658 | BC18: =IFERROR(VLOOKUP(AX18,$H$422:$J$457,3,FALSE),"") | BD18: =IF(BC18="",BD17,BC18) -> 45658 | BZ18: =BZ17+1 -> 46027 | CA18: 200.8 | CB18: =IF(CA18=0,1,0) -> 0 | CC18: =IFERROR(VLOOKUP(BZ17,'Geração Equatorial x Medido'!$O$4:$P$55,2,FALSE),"") | CD18: =IF(CC18="",CD19,CC18) -> 46023 | CE18: =IFERROR(VLOOKUP(BZ18,$H$422:$J$469,3,FALSE),"") | CF18: =IF(CE18="",CF17,CE18) -> 46023 | CY18: 451.6129
A19: =A18+1 -> 44942 | B19: 0 | C19: =IFERROR(VLOOKUP(A19,'Geração Equatorial x Medido'!$O$4:$P$15,2,FALSE),"") | D19: =IF(C19="",D18,C19) -> 44896 | E19: =IFERROR(VLOOKUP(A19,$H$422:$J$433,3,FALSE),"") | F19: =IF(E19="",F18,E19) -> 44927 | Y19: =Y18+1 -> 45302 | Z19: 440.1 | AA19: =IF(Z19=0,1,0) -> 0 | AB19: =IFERROR(VLOOKUP(Y19,'Geração Equatorial x Medido'!$O$15:$R$18,2,FALSE),"") | AC19: =IF(AB19="",AC18,AB19) -> 45261 | AD19: =IFERROR(VLOOKUP(Y19,$H$422:$J$457,3,FALSE),"") | AE19: =IF(AD19="",AE18,AD19) -> 45292 | AX19: =AX18+1 -> 45662 | AY19: 461 | AZ19: =IF(AY19=0,1,0) -> 0 | BA19: =IFERROR(VLOOKUP(AX18,'Geração Equatorial x Medido'!$O$4:$P$55,2,FALSE),"") | BB19: =IF(BA19="",BB20,BA19) -> 45658 | BC19: =IFERROR(VLOOKUP(AX19,$H$422:$J$457,3,FALSE),"") | BD19: =IF(BC19="",BD18,BC19) -> 45658 | BZ19: =BZ18+1 -> 46028 | CA19: 428.3 | CB19: =IF(CA19=0,1,0) -> 0 | CC19: =IFERROR(VLOOKUP(BZ18,'Geração Equatorial x Medido'!$O$4:$P$55,2,FALSE),"") | CD19: =IF(CC19="",CD20,CC19) -> 46023 | CE19: =IFERROR(VLOOKUP(BZ19,$H$422:$J$469,3,FALSE),"") | CF19: =IF(CE19="",CF18,CE19) -> 46023
A20: =A19+1 -> 44943 | B20: 0 | C20: =IFERROR(VLOOKUP(A20,'Geração Equatorial x Medido'!$O$4:$P$15,2,FALSE),"") | D20: =IF(C20="",D19,C20) -> 44896 | E20: =IFERROR(VLOOKUP(A20,$H$422:$J$433,3,FALSE),"") | F20: =IF(E20="",F19,E20) -> 44927 | Y20: =Y19+1 -> 45303 | Z20: 109.6 | AA20: =IF(Z20=0,1,0) -> 0 | AB20: =IFERROR(VLOOKUP(Y20,'Geração Equatorial x Medido'!$O$15:$R$18,2,FALSE),"") | AC20: =IF(AB20="",AC19,AB20) -> 45261 | AD20: =IFERROR(VLOOKUP(Y20,$H$422:$J$457,3,FALSE),"") | AE20: =IF(AD20="",AE19,AD20) -> 45292 | AX20: =AX19+1 -> 45663 | AY20: 460.4 | AZ20: =IF(AY20=0,1,0) -> 0 | BA20: =IFERROR(VLOOKUP(AX19,'Geração Equatorial x Medido'!$O$4:$P$55,2,FALSE),"") | BB20: =IF(BA20="",BB21,BA20) -> 45658 | BC20: =IFERROR(VLOOKUP(AX20,$H$422:$J$457,3,FALSE),"") | BD20: =IF(BC20="",BD19,BC20) -> 45658 | BZ20: =BZ19+1 -> 46029 | CA20: 439 | CB20: =IF(CA20=0,1,0) -> 0 | CC20: =IFERROR(VLOOKUP(BZ19,'Geração Equatorial x Medido'!$O$4:$P$55,2,FALSE),"") | CD20: =IF(CC20="",CD21,CC20) -> 46023 | CE20: =IFERROR(VLOOKUP(BZ20,$H$422:$J$469,3,FALSE),"") | CF20: =IF(CE20="",CF19,CE20) -> 46023
A21: =A20+1 -> 44944 | B21: 0 | C21: =IFERROR(VLOOKUP(A21,'Geração Equatorial x Medido'!$O$4:$P$15,2,FALSE),"") | D21: =IF(C21="",D20,C21) -> 44896 | E21: =IFERROR(VLOOKUP(A21,$H$422:$J$433,3,FALSE),"") | F21: =IF(E21="",F20,E21) -> 44927 | Y21: =Y20+1 -> 45304 | Z21: 193.7 | AA21: =IF(Z21=0,1,0) -> 0 | AB21: =IFERROR(VLOOKUP(Y21,'Geração Equatorial x Medido'!$O$15:$R$18,2,FALSE),"") | AC21: =IF(AB21="",AC20,AB21) -> 45261 | AD21: =IFERROR(VLOOKUP(Y21,$H$422:$J$457,3,FALSE),"") | AE21: =IF(AD21="",AE20,AD21) -> 45292 | AX21: =AX20+1 -> 45664 | AY21: 318.8 | AZ21: =IF(AY21=0,1,0) -> 0 | BA21: =IFERROR(VLOOKUP(AX20,'Geração Equatorial x Medido'!$O$4:$P$55,2,FALSE),"") | BB21: =IF(BA21="",BB22,BA21) -> 45658 | BC21: =IFERROR(VLOOKUP(AX21,$H$422:$J$457,3,FALSE),"") | BD21: =IF(BC21="",BD20,BC21) -> 45658 | BZ21: =BZ20+1 -> 46030 | CA21: 491.6 | CB21: =IF(CA21=0,1,0) -> 0 | CC21: =IFERROR(VLOOKUP(BZ20,'Geração Equatorial x Medido'!$O$4:$P$55,2,FALSE),"") | CD21: =IF(CC21="",CD22,CC21) -> 46023 | CE21: =IFERROR(VLOOKUP(BZ21,$H$422:$J$469,3,FALSE),"") | CF21: =IF(CE21="",CF20,CE21) -> 46023
A22: =A21+1 -> 44945 | B22: 0 | C22: =IFERROR(VLOOKUP(A22,'Geração Equatorial x Medido'!$O$4:$P$15,2,FALSE),"") | D22: =IF(C22="",D21,C22) -> 44896 | E22: =IFERROR(VLOOKUP(A22,$H$422:$J$433,3,FALSE),"") | F22: =IF(E22="",F21,E22) -> 44927 | Y22: =Y21+1 -> 45305 | Z22: 418.2 | AA22: =IF(Z22=0,1,0) -> 0 | AB22: =IFERROR(VLOOKUP(Y22,'Geração Equatorial x Medido'!$O$15:$R$18,2,FALSE),"") | AC22: =IF(AB22="",AC21,AB22) -> 45261 | AD22: =IFERROR(VLOOKUP(Y22,$H$422:$J$457,3,FALSE),"") | AE22: =IF(AD22="",AE21,AD22) -> 45292 | AX22: =AX21+1 -> 45665 | AY22: 352.4 | AZ22: =IF(AY22=0,1,0) -> 0 | BA22: =IFERROR(VLOOKUP(AX21,'Geração Equatorial x Medido'!$O$4:$P$55,2,FALSE),"") | BB22: =IF(BA22="",BB23,BA22) -> 45658 | BC22: =IFERROR(VLOOKUP(AX22,$H$422:$J$457,3,FALSE),"") | BD22: =IF(BC22="",BD21,BC22) -> 45658 | BZ22: =BZ21+1 -> 46031 | CA22: 495.1 | CB22: =IF(CA22=0,1,0) -> 0 | CC22: =IFERROR(VLOOKUP(BZ21,'Geração Equatorial x Medido'!$O$4:$P$55,2,FALSE),"") | CD22: =IF(CC22="",CD23,CC22) -> 46023 | CE22: =IFERROR(VLOOKUP(BZ22,$H$422:$J$469,3,FALSE),"") | CF22: =IF(CE22="",CF21,CE22) -> 46023
A23: =A22+1 -> 44946 | B23: 0 | C23: =IFERROR(VLOOKUP(A23,'Geração Equatorial x Medido'!$O$4:$P$15,2,FALSE),"") | D23: =IF(C23="",D22,C23) -> 44896 | E23: =IFERROR(VLOOKUP(A23,$H$422:$J$433,3,FALSE),"") | F23: =IF(E23="",F22,E23) -> 44927 | Y23: =Y22+1 -> 45306 | Z23: 394.6 | AA23: =IF(Z23=0,1,0) -> 0 | AB23: =IFERROR(VLOOKUP(Y23,'Geração Equatorial x Medido'!$O$15:$R$18,2,FALSE),"") | AC23: =IF(AB23="",AC22,AB23) -> 45261 | AD23: =IFERROR(VLOOKUP(Y23,$H$422:$J$457,3,FALSE),"") | AE23: =IF(AD23="",AE22,AD23) -> 45292 | AX23: =AX22+1 -> 45666 | AY23: 329.6 | AZ23: =IF(AY23=0,1,0) -> 0 | BA23: =IFERROR(VLOOKUP(AX22,'Geração Equatorial x Medido'!$O$4:$P$55,2,FALSE),"") | BB23: =IF(BA23="",BB24,BA23) -> 45658 | BC23: =IFERROR(VLOOKUP(AX23,$H$422:$J$457,3,FALSE),"") | BD23: =IF(BC23="",BD22,BC23) -> 45658 | BZ23: =BZ22+1 -> 46032 | CA23: 495.9 | CB23: =IF(CA23=0,1,0) -> 0 | CC23: =IFERROR(VLOOKUP(BZ22,'Geração Equatorial x Medido'!$O$4:$P$55,2,FALSE),"") | CD23: =IF(CC23="",CD24,CC23) -> 46023 | CE23: =IFERROR(VLOOKUP(BZ23,$H$422:$J$469,3,FALSE),"") | CF23: =IF(CE23="",CF22,CE23) -> 46023
A24: =A23+1 -> 44947 | B24: 0 | C24: =IFERROR(VLOOKUP(A24,'Geração Equatorial x Medido'!$O$4:$P$15,2,FALSE),"") | D24: =IF(C24="",D23,C24) -> 44896 | E24: =IFERROR(VLOOKUP(A24,$H$422:$J$433,3,FALSE),"") | F24: =IF(E24="",F23,E24) -> 44927 | Y24: =Y23+1 -> 45307 | Z24: 431.8 | AA24: =IF(Z24=0,1,0) -> 0 | AB24: =IFERROR(VLOOKUP(Y24,'Geração Equatorial x Medido'!$O$15:$R$18,2,FALSE),"") | AC24: =IF(AB24="",AC23,AB24) -> 45261 | AD24: =IFERROR(VLOOKUP(Y24,$H$422:$J$457,3,FALSE),"") | AE24: =IF(AD24="",AE23,AD24) -> 45292 | AX24: =AX23+1 -> 45667 | AY24: 419.8 | AZ24: =IF(AY24=0,1,0) -> 0 | BA24: =IFERROR(VLOOKUP(AX23,'Geração Equatorial x Medido'!$O$4:$P$55,2,FALSE),"") | BB24: =IF(BA24="",BB25,BA24) -> 45658 | BC24: =IFERROR(VLOOKUP(AX24,$H$422:$J$457,3,FALSE),"") | BD24: =IF(BC24="",BD23,BC24) -> 45658 | BZ24: =BZ23+1 -> 46033 | CA24: 460.6 | CB24: =IF(CA24=0,1,0) -> 0 | CC24: =IFERROR(VLOOKUP(BZ23,'Geração Equatorial x Medido'!$O$4:$P$55,2,FALSE),"") | CD24: =IF(CC24="",CD25,CC24) -> 46023 | CE24: =IFERROR(VLOOKUP(BZ24,$H$422:$J$469,3,FALSE),"") | CF24: =IF(CE24="",CF23,CE24) -> 46023
A25: =A24+1 -> 44948 | B25: 0 | C25: =IFERROR(VLOOKUP(A25,'Geração Equatorial x Medido'!$O$4:$P$15,2,FALSE),"") | D25: =IF(C25="",D24,C25) -> 44896 | E25: =IFERROR(VLOOKUP(A25,$H$422:$J$433,3,FALSE),"") | F25: =IF(E25="",F24,E25) -> 44927 | Y25: =Y24+1 -> 45308 | Z25: 502.3 | AA25: =IF(Z25=0,1,0) -> 0 | AB25: =IFERROR(VLOOKUP(Y25,'Geração Equatorial x Medido'!$O$15:$R$18,2,FALSE),"") | AC25: =IF(AB25="",AC24,AB25) -> 45261 | AD25: =IFERROR(VLOOKUP(Y25,$H$422:$J$457,3,FALSE),"") | AE25: =IF(AD25="",AE24,AD25) -> 45292 | AX25: =AX24+1 -> 45668 | AY25: 442.2 | AZ25: =IF(AY25=0,1,0) -> 0 | BA25: =IFERROR(VLOOKUP(AX24,'Geração Equatorial x Medido'!$O$4:$P$55,2,FALSE),"") | BB25: =IF(BA25="",BB26,BA25) -> 45658 | BC25: =IFERROR(VLOOKUP(AX25,$H$422:$J$457,3,FALSE),"") | BD25: =IF(BC25="",BD24,BC25) -> 45658 | BZ25: =BZ24+1 -> 46034 | CA25: 496.7 | CB25: =IF(CA25=0,1,0) -> 0 | CC25: =IFERROR(VLOOKUP(BZ24,'Geração Equatorial x Medido'!$O$4:$P$55,2,FALSE),"") | CD25: =IF(CC25="",CD26,CC25) -> 46023 | CE25: =IFERROR(VLOOKUP(BZ25,$H$422:$J$469,3,FALSE),"") | CF25: =IF(CE25="",CF24,CE25) -> 46023
A26: =A25+1 -> 44949 | B26: 0 | C26: =IFERROR(VLOOKUP(A26,'Geração Equatorial x Medido'!$O$4:$P$15,2,FALSE),"") | D26: =IF(C26="",D25,C26) -> 44896 | E26: =IFERROR(VLOOKUP(A26,$H$422:$J$433,3,FALSE),"") | F26: =IF(E26="",F25,E26) -> 44927 | Y26: =Y25+1 -> 45309 | Z26: 517.2 | AA26: =IF(Z26=0,1,0) -> 0 | AB26: =IFERROR(VLOOKUP(Y26,'Geração Equatorial x Medido'!$O$15:$R$18,2,FALSE),"") | AC26: =IF(AB26="",AC25,AB26) -> 45261 | AD26: =IFERROR(VLOOKUP(Y26,$H$422:$J$457,3,FALSE),"") | AE26: =IF(AD26="",AE25,AD26) -> 45292 | AX26: =AX25+1 -> 45669 | AY26: 369.6 | AZ26: =IF(AY26=0,1,0) -> 0 | BA26: =IFERROR(VLOOKUP(AX25,'Geração Equatorial x Medido'!$O$4:$P$55,2,FALSE),"") | BB26: =IF(BA26="",BB27,BA26) -> 45658 | BC26: =IFERROR(VLOOKUP(AX26,$H$422:$J$457,3,FALSE),"") | BD26: =IF(BC26="",BD25,BC26) -> 45658 | BZ26: =BZ25+1 -> 46035 | CA26: 466.6 | CB26: =IF(CA26=0,1,0) -> 0 | CC26: =IFERROR(VLOOKUP(BZ25,'Geração Equatorial x Medido'!$O$4:$P$55,2,FALSE),"") | CD26: =IF(CC26="",CD27,CC26) -> 46023 | CE26: =IFERROR(VLOOKUP(BZ26,$H$422:$J$469,3,FALSE),"") | CF26: =IF(CE26="",CF25,CE26) -> 46023
A27: =A26+1 -> 44950 | B27: 0 | C27: =IFERROR(VLOOKUP(A27,'Geração Equatorial x Medido'!$O$4:$P$15,2,FALSE),"") | D27: =IF(C27="",D26,C27) -> 44896 | E27: =IFERROR(VLOOKUP(A27,$H$422:$J$433,3,FALSE),"") | F27: =IF(E27="",F26,E27) -> 44927 | Y27: =Y26+1 -> 45310 | Z27: 504.4 | AA27: =IF(Z27=0,1,0) -> 0 | AB27: =IFERROR(VLOOKUP(Y27,'Geração Equatorial x Medido'!$O$15:$R$18,2,FALSE),"") | AC27: =IF(AB27="",AC26,AB27) -> 45261 | AD27: =IFERROR(VLOOKUP(Y27,$H$422:$J$457,3,FALSE),"") | AE27: =IF(AD27="",AE26,AD27) -> 45292 | AX27: =AX26+1 -> 45670 | AY27: 355.6 | AZ27: =IF(AY27=0,1,0) -> 0 | BA27: =IFERROR(VLOOKUP(AX26,'Geração Equatorial x Medido'!$O$4:$P$55,2,FALSE),"") | BB27: =IF(BA27="",BB28,BA27) -> 45658 | BC27: =IFERROR(VLOOKUP(AX27,$H$422:$J$457,3,FALSE),"") | BD27: =IF(BC27="",BD26,BC27) -> 45658 | BZ27: =BZ26+1 -> 46036 | CA27: 472.7 | CB27: =IF(CA27=0,1,0) -> 0 | CC27: =IFERROR(VLOOKUP(BZ26,'Geração Equatorial x Medido'!$O$4:$P$55,2,FALSE),"") | CD27: =IF(CC27="",CD28,CC27) -> 46023 | CE27: =IFERROR(VLOOKUP(BZ27,$H$422:$J$469,3,FALSE),"") | CF27: =IF(CE27="",CF26,CE27) -> 46023
A28: =A27+1 -> 44951 | B28: 0 | C28: =IFERROR(VLOOKUP(A28,'Geração Equatorial x Medido'!$O$4:$P$15,2,FALSE),"") | D28: =IF(C28="",D27,C28) -> 44896 | E28: =IFERROR(VLOOKUP(A28,$H$422:$J$433,3,FALSE),"") | F28: =IF(E28="",F27,E28) -> 44927 | Y28: =Y27+1 -> 45311 | Z28: 403.4 | AA28: =IF(Z28=0,1,0) -> 0 | AB28: =IFERROR(VLOOKUP(Y28,'Geração Equatorial x Medido'!$O$15:$R$18,2,FALSE),"") | AC28: =IF(AB28="",AC27,AB28) -> 45261 | AD28: =IFERROR(VLOOKUP(Y28,$H$422:$J$457,3,FALSE),"") | AE28: =IF(AD28="",AE27,AD28) -> 45292 | AX28: =AX27+1 -> 45671 | AY28: 73.3 | AZ28: =IF(AY28=0,1,0) -> 0 | BA28: =IFERROR(VLOOKUP(AX27,'Geração Equatorial x Medido'!$O$4:$P$55,2,FALSE),"") | BB28: =IF(BA28="",BB29,BA28) -> 45658 | BC28: =IFERROR(VLOOKUP(AX28,$H$422:$J$457,3,FALSE),"") | BD28: =IF(BC28="",BD27,BC28) -> 45658 | BZ28: =BZ27+1 -> 46037 | CA28: 429.6 | CB28: =IF(CA28=0,1,0) -> 0 | CC28: =IFERROR(VLOOKUP(BZ27,'Geração Equatorial x Medido'!$O$4:$P$55,2,FALSE),"") | CD28: =IF(CC28="",CD29,CC28) -> 46023 | CE28: =IFERROR(VLOOKUP(BZ28,$H$422:$J$469,3,FALSE),"") | CF28: =IF(CE28="",CF27,CE28) -> 46023
A29: =A28+1 -> 44952 | B29: 0 | C29: =IFERROR(VLOOKUP(A29,'Geração Equatorial x Medido'!$O$4:$P$15,2,FALSE),"") -> 44927 | D29: =IF(C29="",D28,C29) -> 44927 | E29: =IFERROR(VLOOKUP(A29,$H$422:$J$433,3,FALSE),"") | F29: =IF(E29="",F28,E29) -> 44927 | Y29: =Y28+1 -> 45312 | Z29: 481.4 | AA29: =IF(Z29=0,1,0) -> 0 | AB29: =IFERROR(VLOOKUP(Y29,'Geração Equatorial x Medido'!$O$15:$R$18,2,FALSE),"") | AC29: =IF(AB29="",AC28,AB29) -> 45261 | AD29: =IFERROR(VLOOKUP(Y29,$H$422:$J$457,3,FALSE),"") | AE29: =IF(AD29="",AE28,AD29) -> 45292 | AX29: =AX28+1 -> 45672 | AY29: 176.7 | AZ29: =IF(AY29=0,1,0) -> 0 | BA29: =IFERROR(VLOOKUP(AX28,'Geração Equatorial x Medido'!$O$4:$P$55,2,FALSE),"") | BB29: =IF(BA29="",BB30,BA29) -> 45658 | BC29: =IFERROR(VLOOKUP(AX29,$H$422:$J$457,3,FALSE),"") | BD29: =IF(BC29="",BD28,BC29) -> 45658 | BZ29: =BZ28+1 -> 46038 | CA29: 465.8 | CB29: =IF(CA29=0,1,0) -> 0 | CC29: =IFERROR(VLOOKUP(BZ28,'Geração Equatorial x Medido'!$O$4:$P$55,2,FALSE),"") | CD29: =IF(CC29="",CD30,CC29) -> 46023 | CE29: =IFERROR(VLOOKUP(BZ29,$H$422:$J$469,3,FALSE),"") | CF29: =IF(CE29="",CF28,CE29) -> 46023
A30: =A29+1 -> 44953 | B30: 0 | C30: =IFERROR(VLOOKUP(A30,'Geração Equatorial x Medido'!$O$4:$P$15,2,FALSE),"") | D30: =IF(C30="",D29,C30) -> 44927 | E30: =IFERROR(VLOOKUP(A30,$H$422:$J$433,3,FALSE),"") | F30: =IF(E30="",F29,E30) -> 44927 | Y30: =Y29+1 -> 45313 | Z30: 243.7 | AA30: =IF(Z30=0,1,0) -> 0 | AB30: =IFERROR(VLOOKUP(Y30,'Geração Equatorial x Medido'!$O$15:$R$18,2,FALSE),"") | AC30: =IF(AB30="",AC29,AB30) -> 45261 | AD30: =IFERROR(VLOOKUP(Y30,$H$422:$J$457,3,FALSE),"") | AE30: =IF(AD30="",AE29,AD30) -> 45292 | AX30: =AX29+1 -> 45673 | AY30: 231.2 | AZ30: =IF(AY30=0,1,0) -> 0 | BA30: =IFERROR(VLOOKUP(AX29,'Geração Equatorial x Medido'!$O$4:$P$55,2,FALSE),"") | BB30: =IF(BA30="",BB31,BA30) -> 45658 | BC30: =IFERROR(VLOOKUP(AX30,$H$422:$J$457,3,FALSE),"") | BD30: =IF(BC30="",BD29,BC30) -> 45658 | BZ30: =BZ29+1 -> 46039 | CA30: 449.3 | CB30: =IF(CA30=0,1,0) -> 0 | CC30: =IFERROR(VLOOKUP(BZ29,'Geração Equatorial x Medido'!$O$4:$P$55,2,FALSE),"") | CD30: =IF(CC30="",CD31,CC30) -> 46023 | CE30: =IFERROR(VLOOKUP(BZ30,$H$422:$J$469,3,FALSE),"") | CF30: =IF(CE30="",CF29,CE30) -> 46023
... A93: =A92+1 -> 45016 | B93: 509.8 | C93: =IFERROR(VLOOKUP(A93,'Geração Equatorial x Medido'!$O$4:$P$15,2,FALSE),"") | D93: =IF(C93="",D92,C93) -> 44986 | E93: =IFERROR(VLOOKUP(A93,$H$422:$J$433,3,FALSE),"") | F93: =IF(E93="",F92,E93) -> 44986 | Y93: =Y92+1 -> 45376 | Z93: 418.4 | AA93: =IF(Z93=0,1,0) -> 0 | AB93: =IFERROR(VLOOKUP(Y93,'Geração Equatorial x Medido'!$O$15:$R$18,2,FALSE),"") | AC93: =IF(AB93="",AC92,AB93) -> 45323 | AD93: =IFERROR(VLOOKUP(Y93,$H$422:$J$457,3,FALSE),"") | AE93: =IF(AD93="",AE92,AD93) -> 45352 | AX93: =AX92+1 -> 45736 | AY93: 294.1 | AZ93: =IF(AY93=0,1,0) -> 0 | BA93: =IFERROR(VLOOKUP(AX92,'Geração Equatorial x Medido'!$O$4:$P$55,2,FALSE),"") | BB93: =IF(BA93="",BB94,BA93) -> 45717 | BC93: =IFERROR(VLOOKUP(AX93,$H$422:$J$457,3,FALSE),"") | BD93: =IF(BC93="",BD92,BC93) -> 45717 | BZ93: =BZ92+1 -> 46102 | CA93: 292.1 | CB93: =IF(CA93=0,1,0) -> 0 | CC93: =IFERROR(VLOOKUP(BZ92,'Geração Equatorial x Medido'!$O$4:$P$55,2,FALSE),"") | CD93: =IF(CC93="",CD94,CC93) -> 46082 | CE93: =IFERROR(VLOOKUP(BZ93,$H$422:$J$469,3,FALSE),"") | CF93: =IF(CE93="",CF92,CE93) -> 46082
A94: =A93+1 -> 45017 | B94: 234.5 | C94: =IFERROR(VLOOKUP(A94,'Geração Equatorial x Medido'!$O$4:$P$15,2,FALSE),"") | D94: =IF(C94="",D93,C94) -> 44986 | E94: =IFERROR(VLOOKUP(A94,$H$422:$J$433,3,FALSE),"") -> 45017 | F94: =IF(E94="",F93,E94) -> 45017 | Y94: =Y93+1 -> 45377 | Z94: 392.8 | AA94: =IF(Z94=0,1,0) -> 0 | AB94: =IFERROR(VLOOKUP(Y94,'Geração Equatorial x Medido'!$O$15:$R$27,2,FALSE),"") -> 45352 | AC94: =IF(AB94="",AC93,AB94) -> 45352 | AD94: =IFERROR(VLOOKUP(Y94,$H$422:$J$457,3,FALSE),"") | AE94: =IF(AD94="",AE93,AD94) -> 45352 | AX94: =AX93+1 -> 45737 | AY94: 317.1 | AZ94: =IF(AY94=0,1,0) -> 0 | BA94: =IFERROR(VLOOKUP(AX93,'Geração Equatorial x Medido'!$O$4:$P$55,2,FALSE),"") | BB94: =IF(BA94="",BB95,BA94) -> 45717 | BC94: =IFERROR(VLOOKUP(AX94,$H$422:$J$457,3,FALSE),"") | BD94: =IF(BC94="",BD93,BC94) -> 45717 | BZ94: =BZ93+1 -> 46103 | CA94: 367 | CB94: =IF(CA94=0,1,0) -> 0 | CC94: =IFERROR(VLOOKUP(BZ93,'Geração Equatorial x Medido'!$O$4:$P$55,2,FALSE),"") | CD94: =IF(CC94="",CD95,CC94) -> 46082 | CE94: =IFERROR(VLOOKUP(BZ94,$H$422:$J$469,3,FALSE),"") | CF94: =IF(CE94="",CF93,CE94) -> 46082
A95: =A94+1 -> 45018 | B95: 532 | C95: =IFERROR(VLOOKUP(A95,'Geração Equatorial x Medido'!$O$4:$P$15,2,FALSE),"") | D95: =IF(C95="",D94,C95) -> 44986 | E95: =IFERROR(VLOOKUP(A95,$H$422:$J$433,3,FALSE),"") | F95: =IF(E95="",F94,E95) -> 45017 | Y95: =Y94+1 -> 45378 | Z95: 333.2 | AA95: =IF(Z95=0,1,0) -> 0 | AB95: =IFERROR(VLOOKUP(Y95,'Geração Equatorial x Medido'!$O$15:$R$27,2,FALSE),"") | AC95: =IF(AB95="",AC94,AB95) -> 45352 | AD95: =IFERROR(VLOOKUP(Y95,$H$422:$J$457,3,FALSE),"") | AE95: =IF(AD95="",AE94,AD95) -> 45352 | AX95: =AX94+1 -> 45738 | AY95: 314.8 | AZ95: =IF(AY95=0,1,0) -> 0 | BA95: =IFERROR(VLOOKUP(AX94,'Geração Equatorial x Medido'!$O$4:$P$55,2,FALSE),"") | BB95: =IF(BA95="",BB96,BA95) -> 45717 | BC95: =IFERROR(VLOOKUP(AX95,$H$422:$J$457,3,FALSE),"") | BD95: =IF(BC95="",BD94,BC95) -> 45717 | BZ95: =BZ94+1 -> 46104 | CA95: 244.7 | CB95: =IF(CA95=0,1,0) -> 0 | CC95: =IFERROR(VLOOKUP(BZ94,'Geração Equatorial x Medido'!$O$4:$P$55,2,FALSE),"") | CD95: =IF(CC95="",CD96,CC95) -> 46082 | CE95: =IFERROR(VLOOKUP(BZ95,$H$422:$J$469,3,FALSE),"") | CF95: =IF(CE95="",CF94,CE95) -> 46082
A96: =A95+1 -> 45019 | B96: 119.1 | C96: =IFERROR(VLOOKUP(A96,'Geração Equatorial x Medido'!$O$4:$P$15,2,FALSE),"") | D96: =IF(C96="",D95,C96) -> 44986 | E96: =IFERROR(VLOOKUP(A96,$H$422:$J$433,3,FALSE),"") | F96: =IF(E96="",F95,E96) -> 45017 | Y96: =Y95+1 -> 45379 | Z96: 587.7 | AA96: =IF(Z96=0,1,0) -> 0 | AB96: =IFERROR(VLOOKUP(Y96,'Geração Equatorial x Medido'!$O$15:$R$27,2,FALSE),"") | AC96: =IF(AB96="",AC95,AB96) -> 45352 | AD96: =IFERROR(VLOOKUP(Y96,$H$422:$J$457,3,FALSE),"") | AE96: =IF(AD96="",AE95,AD96) -> 45352 | AX96: =AX95+1 -> 45739 | AY96: 288.3 | AZ96: =IF(AY96=0,1,0) -> 0 | BA96: =IFERROR(VLOOKUP(AX95,'Geração Equatorial x Medido'!$O$4:$P$55,2,FALSE),"") | BB96: =IF(BA96="",BB97,BA96) -> 45717 | BC96: =IFERROR(VLOOKUP(AX96,$H$422:$J$457,3,FALSE),"") | BD96: =IF(BC96="",BD95,BC96) -> 45717 | BZ96: =BZ95+1 -> 46105 | CA96: 202.1 | CB96: =IF(CA96=0,1,0) -> 0 | CC96: =IFERROR(VLOOKUP(BZ95,'Geração Equatorial x Medido'!$O$4:$P$55,2,FALSE),"") | CD96: =IF(CC96="",CD97,CC96) -> 46082 | CE96: =IFERROR(VLOOKUP(BZ96,$H$422:$J$469,3,FALSE),"") | CF96: =IF(CE96="",CF95,CE96) -> 46082
A97: =A96+1 -> 45020 | B97: 0 | C97: =IFERROR(VLOOKUP(A97,'Geração Equatorial x Medido'!$O$4:$P$15,2,FALSE),"") | D97: =IF(C97="",D96,C97) -> 44986 | E97: =IFERROR(VLOOKUP(A97,$H$422:$J$433,3,FALSE),"") | F97: =IF(E97="",F96,E97) -> 45017 | Y97: =Y96+1 -> 45380 | Z97: 423.1 | AA97: =IF(Z97=0,1,0) -> 0 | AB97: =IFERROR(VLOOKUP(Y97,'Geração Equatorial x Medido'!$O$15:$R$27,2,FALSE),"") | AC97: =IF(AB97="",AC96,AB97) -> 45352 | AD97: =IFERROR(VLOOKUP(Y97,$H$422:$J$457,3,FALSE),"") | AE97: =IF(AD97="",AE96,AD97) -> 45352 | AX97: =AX96+1 -> 45740 | AY97: 268 | AZ97: =IF(AY97=0,1,0) -> 0 | BA97: =IFERROR(VLOOKUP(AX96,'Geração Equatorial x Medido'!$O$4:$P$55,2,FALSE),"") | BB97: =IF(BA97="",BB98,BA97) -> 45717 | BC97: =IFERROR(VLOOKUP(AX97,$H$422:$J$457,3,FALSE),"") | BD97: =IF(BC97="",BD96,BC97) -> 45717 | BZ97: =BZ96+1 -> 46106 | CA97: 244.5 | CB97: =IF(CA97=0,1,0) -> 0 | CC97: =IFERROR(VLOOKUP(BZ96,'Geração Equatorial x Medido'!$O$4:$P$55,2,FALSE),"") | CD97: =IF(CC97="",CD98,CC97) -> 46082 | CE97: =IFERROR(VLOOKUP(BZ97,$H$422:$J$469,3,FALSE),"") | CF97: =IF(CE97="",CF96,CE97) -> 46082
A98: =A97+1 -> 45021 | B98: 0 | C98: =IFERROR(VLOOKUP(A98,'Geração Equatorial x Medido'!$O$4:$P$15,2,FALSE),"") | D98: =IF(C98="",D97,C98) -> 44986 | E98: =IFERROR(VLOOKUP(A98,$H$422:$J$433,3,FALSE),"") | F98: =IF(E98="",F97,E98) -> 45017 | Y98: =Y97+1 -> 45381 | Z98: 381 | AA98: =IF(Z98=0,1,0) -> 0 | AB98: =IFERROR(VLOOKUP(Y98,'Geração Equatorial x Medido'!$O$15:$R$27,2,FALSE),"") | AC98: =IF(AB98="",AC97,AB98) -> 45352 | AD98: =IFERROR(VLOOKUP(Y98,$H$422:$J$457,3,FALSE),"") | AE98: =IF(AD98="",AE97,AD98) -> 45352 | AX98: =AX97+1 -> 45741 | AY98: 436.6 | AZ98: =IF(AY98=0,1,0) -> 0 | BA98: =IFERROR(VLOOKUP(AX97,'Geração Equatorial x Medido'!$O$4:$P$55,2,FALSE),"") | BB98: =IF(BA98="",BB99,BA98) -> 45717 | BC98: =IFERROR(VLOOKUP(AX98,$H$422:$J$457,3,FALSE),"") | BD98: =IF(BC98="",BD97,BC98) -> 45717 | BZ98: =BZ97+1 -> 46107 | CA98: 14.3 | CB98: =IF(CA98=0,1,0) -> 0 | CC98: =IFERROR(VLOOKUP(BZ97,'Geração Equatorial x Medido'!$O$4:$P$55,2,FALSE),"") | CD98: =IF(CC98="",CD99,CC98) -> 46082 | CE98: =IFERROR(VLOOKUP(BZ98,$H$422:$J$469,3,FALSE),"") | CF98: =IF(CE98="",CF97,CE98) -> 46082
A99: =A98+1 -> 45022 | B99: 0 | C99: =IFERROR(VLOOKUP(A99,'Geração Equatorial x Medido'!$O$4:$P$15,2,FALSE),"") | D99: =IF(C99="",D98,C99) -> 44986 | E99: =IFERROR(VLOOKUP(A99,$H$422:$J$433,3,FALSE),"") | F99: =IF(E99="",F98,E99) -> 45017 | Y99: =Y98+1 -> 45382 | Z99: 543 | AA99: =IF(Z99=0,1,0) -> 0 | AB99: =IFERROR(VLOOKUP(Y99,'Geração Equatorial x Medido'!$O$15:$R$27,2,FALSE),"") | AC99: =IF(AB99="",AC98,AB99) -> 45352 | AD99: =IFERROR(VLOOKUP(Y99,$H$422:$J$457,3,FALSE),"") | AE99: =IF(AD99="",AE98,AD99) -> 45352 | AX99: =AX98+1 -> 45742 | AY99: 561.6 | AZ99: =IF(AY99=0,1,0) -> 0 | BA99: =IFERROR(VLOOKUP(AX98,'Geração Equatorial x Medido'!$O$4:$P$55,2,FALSE),"") | BB99: =IF(BA99="",BB100,BA99) -> 45717 | BC99: =IFERROR(VLOOKUP(AX99,$H$422:$J$457,3,FALSE),"") | BD99: =IF(BC99="",BD98,BC99) -> 45717 | BZ99: =BZ98+1 -> 46108 | CA99: 362.7 | CB99: =IF(CA99=0,1,0) -> 0 | CC99: =IFERROR(VLOOKUP(BZ98,'Geração Equatorial x Medido'!$O$4:$P$55,2,FALSE),"") | CD99: =IF(CC99="",CD100,CC99) -> 46082 | CE99: =IFERROR(VLOOKUP(BZ99,$H$422:$J$469,3,FALSE),"") | CF99: =IF(CE99="",CF98,CE99) -> 46082
A100: =A99+1 -> 45023 | B100: 0 | C100: =IFERROR(VLOOKUP(A100,'Geração Equatorial x Medido'!$O$4:$P$15,2,FALSE),"") | D100: =IF(C100="",D99,C100) -> 44986 | E100: =IFERROR(VLOOKUP(A100,$H$422:$J$433,3,FALSE),"") | F100: =IF(E100="",F99,E100) -> 45017 | Y100: =Y99+1 -> 45383 | Z100: 459.5 | AA100: =IF(Z100=0,1,0) -> 0 | AB100: =IFERROR(VLOOKUP(Y100,'Geração Equatorial x Medido'!$O$15:$R$27,2,FALSE),"") | AC100: =IF(AB100="",AC99,AB100) -> 45352 | AD100: =IFERROR(VLOOKUP(Y100,$H$422:$J$457,3,FALSE),"") -> 45383 | AE100: =IF(AD100="",AE99,AD100) -> 45383 | AX100: =AX99+1 -> 45743 | AY100: 465.4 | AZ100: =IF(AY100=0,1,0) -> 0 | BA100: =IFERROR(VLOOKUP(AX99,'Geração Equatorial x Medido'!$O$4:$P$55,2,FALSE),"") -> 45717 | BB100: =IF(BA100="",BB101,BA100) -> 45717 | BC100: =IFERROR(VLOOKUP(AX100,$H$422:$J$457,3,FALSE),"") | BD100: =IF(BC100="",BD99,BC100) -> 45717 | BZ100: =BZ99+1 -> 46109 | CA100: 287 | CB100: =IF(CA100=0,1,0) -> 0 | CC100: =IFERROR(VLOOKUP(BZ99,'Geração Equatorial x Medido'!$O$4:$P$55,2,FALSE),"") -> 46082 | CD100: =IF(CC100="",CD101,CC100) -> 46082 | CE100: =IFERROR(VLOOKUP(BZ100,$H$422:$J$469,3,FALSE),"") | CF100: =IF(CE100="",CF99,CE100) -> 46082
A101: =A100+1 -> 45024 | B101: 0 | C101: =IFERROR(VLOOKUP(A101,'Geração Equatorial x Medido'!$O$4:$P$15,2,FALSE),"") | D101: =IF(C101="",D100,C101) -> 44986 | E101: =IFERROR(VLOOKUP(A101,$H$422:$J$433,3,FALSE),"") | F101: =IF(E101="",F100,E101) -> 45017 | Y101: =Y100+1 -> 45384 | Z101: 531.5 | AA101: =IF(Z101=0,1,0) -> 0 | AB101: =IFERROR(VLOOKUP(Y101,'Geração Equatorial x Medido'!$O$15:$R$27,2,FALSE),"") | AC101: =IF(AB101="",AC100,AB101) -> 45352 | AD101: =IFERROR(VLOOKUP(Y101,$H$422:$J$457,3,FALSE),"") | AE101: =IF(AD101="",AE100,AD101) -> 45383 | AX101: =AX100+1 -> 45744 | AY101: 443.5 | AZ101: =IF(AY101=0,1,0) -> 0 | BA101: =IFERROR(VLOOKUP(AX100,'Geração Equatorial x Medido'!$O$4:$P$55,2,FALSE),"") | BB101: =IF(BA101="",BB102,BA101) -> 45748 | BC101: =IFERROR(VLOOKUP(AX101,$H$422:$J$457,3,FALSE),"") | BD101: =IF(BC101="",BD100,BC101) -> 45717 | BZ101: =BZ100+1 -> 46110 | CA101: 448.6 | CB101: =IF(CA101=0,1,0) -> 0 | CC101: =IFERROR(VLOOKUP(BZ100,'Geração Equatorial x Medido'!$O$4:$P$55,2,FALSE),"") | CD101: =IF(CC101="",CD102,CC101) -> 46113 | CE101: =IFERROR(VLOOKUP(BZ101,$H$422:$J$469,3,FALSE),"") | CF101: =IF(CE101="",CF100,CE101) -> 46082
A102: =A101+1 -> 45025 | B102: 0 | C102: =IFERROR(VLOOKUP(A102,'Geração Equatorial x Medido'!$O$4:$P$15,2,FALSE),"") | D102: =IF(C102="",D101,C102) -> 44986 | E102: =IFERROR(VLOOKUP(A102,$H$422:$J$433,3,FALSE),"") | F102: =IF(E102="",F101,E102) -> 45017 | Y102: =Y101+1 -> 45385 | Z102: 342.5 | AA102: =IF(Z102=0,1,0) -> 0 | AB102: =IFERROR(VLOOKUP(Y102,'Geração Equatorial x Medido'!$O$15:$R$27,2,FALSE),"") | AC102: =IF(AB102="",AC101,AB102) -> 45352 | AD102: =IFERROR(VLOOKUP(Y102,$H$422:$J$457,3,FALSE),"") | AE102: =IF(AD102="",AE101,AD102) -> 45383 | AX102: =AX101+1 -> 45745 | AY102: 139.3 | AZ102: =IF(AY102=0,1,0) -> 0 | BA102: =IFERROR(VLOOKUP(AX101,'Geração Equatorial x Medido'!$O$4:$P$55,2,FALSE),"") | BB102: =IF(BA102="",BB103,BA102) -> 45748 | BC102: =IFERROR(VLOOKUP(AX102,$H$422:$J$457,3,FALSE),"") | BD102: =IF(BC102="",BD101,BC102) -> 45717 | BZ102: =BZ101+1 -> 46111 | CA102: 349.3 | CB102: =IF(CA102=0,1,0) -> 0 | CC102: =IFERROR(VLOOKUP(BZ101,'Geração Equatorial x Medido'!$O$4:$P$55,2,FALSE),"") | CD102: =IF(CC102="",CD103,CC102) -> 46113 | CE102: =IFERROR(VLOOKUP(BZ102,$H$422:$J$469,3,FALSE),"") | CF102: =IF(CE102="",CF101,CE102) -> 46082
A103: =A102+1 -> 45026 | B103: 0 | C103: =IFERROR(VLOOKUP(A103,'Geração Equatorial x Medido'!$O$4:$P$15,2,FALSE),"") | D103: =IF(C103="",D102,C103) -> 44986 | E103: =IFERROR(VLOOKUP(A103,$H$422:$J$433,3,FALSE),"") | F103: =IF(E103="",F102,E103) -> 45017 | Y103: =Y102+1 -> 45386 | Z103: 532.1 | AA103: =IF(Z103=0,1,0) -> 0 | AB103: =IFERROR(VLOOKUP(Y103,'Geração Equatorial x Medido'!$O$15:$R$27,2,FALSE),"") | AC103: =IF(AB103="",AC102,AB103) -> 45352 | AD103: =IFERROR(VLOOKUP(Y103,$H$422:$J$457,3,FALSE),"") | AE103: =IF(AD103="",AE102,AD103) -> 45383 | AX103: =AX102+1 -> 45746 | AY103: 269.3 | AZ103: =IF(AY103=0,1,0) -> 0 | BA103: =IFERROR(VLOOKUP(AX102,'Geração Equatorial x Medido'!$O$4:$P$55,2,FALSE),"") | BB103: =IF(BA103="",BB104,BA103) -> 45748 | BC103: =IFERROR(VLOOKUP(AX103,$H$422:$J$457,3,FALSE),"") | BD103: =IF(BC103="",BD102,BC103) -> 45717 | BZ103: =BZ102+1 -> 46112 | CA103: 596 | CB103: =IF(CA103=0,1,0) -> 0 | CC103: =IFERROR(VLOOKUP(BZ102,'Geração Equatorial x Medido'!$O$4:$P$55,2,FALSE),"") | CD103: =IF(CC103="",CD104,CC103) -> 46113 | CE103: =IFERROR(VLOOKUP(BZ103,$H$422:$J$469,3,FALSE),"") | CF103: =IF(CE103="",CF102,CE103) -> 46082
A104: =A103+1 -> 45027 | B104: 0 | C104: =IFERROR(VLOOKUP(A104,'Geração Equatorial x Medido'!$O$4:$P$15,2,FALSE),"") | D104: =IF(C104="",D103,C104) -> 44986 | E104: =IFERROR(VLOOKUP(A104,$H$422:$J$433,3,FALSE),"") | F104: =IF(E104="",F103,E104) -> 45017 | Y104: =Y103+1 -> 45387 | Z104: 569.5 | AA104: =IF(Z104=0,1,0) -> 0 | AB104: =IFERROR(VLOOKUP(Y104,'Geração Equatorial x Medido'!$O$15:$R$27,2,FALSE),"") | AC104: =IF(AB104="",AC103,AB104) -> 45352 | AD104: =IFERROR(VLOOKUP(Y104,$H$422:$J$457,3,FALSE),"") | AE104: =IF(AD104="",AE103,AD104) -> 45383 | AX104: =AX103+1 -> 45747 | AY104: 405 | AZ104: =IF(AY104=0,1,0) -> 0 | BA104: =IFERROR(VLOOKUP(AX103,'Geração Equatorial x Medido'!$O$4:$P$55,2,FALSE),"") | BB104: =IF(BA104="",BB105,BA104) -> 45748 | BC104: =IFERROR(VLOOKUP(AX104,$H$422:$J$457,3,FALSE),"") | BD104: =IF(BC104="",BD103,BC104) -> 45717 | BZ104: =BZ103+1 -> 46113 | CA104: 321.4 | CB104: =IF(CA104=0,1,0) -> 0 | CC104: =IFERROR(VLOOKUP(BZ103,'Geração Equatorial x Medido'!$O$4:$P$55,2,FALSE),"") | CD104: =IF(CC104="",CD105,CC104) -> 46113 | CE104: =IFERROR(VLOOKUP(BZ104,$H$422:$J$469,3,FALSE),"") -> 46113 | CF104: =IF(CE104="",CF103,CE104) -> 46113
A105: =A104+1 -> 45028 | B105: 0 | C105: =IFERROR(VLOOKUP(A105,'Geração Equatorial x Medido'!$O$4:$P$15,2,FALSE),"") | D105: =IF(C105="",D104,C105) -> 44986 | E105: =IFERROR(VLOOKUP(A105,$H$422:$J$433,3,FALSE),"") | F105: =IF(E105="",F104,E105) -> 45017 | Y105: =Y104+1 -> 45388 | Z105: 474.5 | AA105: =IF(Z105=0,1,0) -> 0 | AB105: =IFERROR(VLOOKUP(Y105,'Geração Equatorial x Medido'!$O$15:$R$27,2,FALSE),"") | AC105: =IF(AB105="",AC104,AB105) -> 45352 | AD105: =IFERROR(VLOOKUP(Y105,$H$422:$J$457,3,FALSE),"") | AE105: =IF(AD105="",AE104,AD105) -> 45383 | AX105: =AX104+1 -> 45748 | AY105: 498 | AZ105: =IF(AY105=0,1,0) -> 0 | BA105: =IFERROR(VLOOKUP(AX104,'Geração Equatorial x Medido'!$O$4:$P$55,2,FALSE),"") | BB105: =IF(BA105="",BB106,BA105) -> 45748 | BC105: =IFERROR(VLOOKUP(AX105,$H$422:$J$457,3,FALSE),"") -> 45748 | BD105: =IF(BC105="",BD104,BC105) -> 45748 | BZ105: =BZ104+1 -> 46114 | CA105: 267.7 | CB105: =IF(CA105=0,1,0) -> 0 | CC105: =IFERROR(VLOOKUP(BZ104,'Geração Equatorial x Medido'!$O$4:$P$55,2,FALSE),"") | CD105: =IF(CC105="",CD106,CC105) -> 46113 | CE105: =IFERROR(VLOOKUP(BZ105,$H$422:$J$469,3,FALSE),"") | CF105: =IF(CE105="",CF104,CE105) -> 46113
... A108: =A107+1 -> 45031 | B108: 0 | C108: =IFERROR(VLOOKUP(A108,'Geração Equatorial x Medido'!$O$4:$P$15,2,FALSE),"") | D108: =IF(C108="",D107,C108) -> 44986 | E108: =IFERROR(VLOOKUP(A108,$H$422:$J$433,3,FALSE),"") | F108: =IF(E108="",F107,E108) -> 45017 | Y108: =Y107+1 -> 45391 | Z108: 589.7 | AA108: =IF(Z108=0,1,0) -> 0 | AB108: =IFERROR(VLOOKUP(Y108,'Geração Equatorial x Medido'!$O$15:$R$27,2,FALSE),"") | AC108: =IF(AB108="",AC107,AB108) -> 45352 | AD108: =IFERROR(VLOOKUP(Y108,$H$422:$J$457,3,FALSE),"") | AE108: =IF(AD108="",AE107,AD108) -> 45383 | AX108: =AX107+1 -> 45751 | AY108: 426.5 | AZ108: =IF(AY108=0,1,0) -> 0 | BA108: =IFERROR(VLOOKUP(AX107,'Geração Equatorial x Medido'!$O$4:$P$55,2,FALSE),"") | BB108: =IF(BA108="",BB109,BA108) -> 45748 | BC108: =IFERROR(VLOOKUP(AX108,$H$422:$J$457,3,FALSE),"") | BD108: =IF(BC108="",BD107,BC108) -> 45748 | BZ108: =BZ107+1 -> 46117 | CA108: 415.9 | CB108: =IF(CA108=0,1,0) -> 0 | CC108: =IFERROR(VLOOKUP(BZ107,'Geração Equatorial x Medido'!$O$4:$P$55,2,FALSE),"") | CD108: =IF(CC108="",CD109,CC108) -> 46113 | CE108: =IFERROR(VLOOKUP(BZ108,$H$422:$J$469,3,FALSE),"") | CF108: =IF(CE108="",CF107,CE108) -> 46113
A109: =A108+1 -> 45032 | B109: 0 | C109: =IFERROR(VLOOKUP(A109,'Geração Equatorial x Medido'!$O$4:$P$15,2,FALSE),"") | D109: =IF(C109="",D108,C109) -> 44986 | E109: =IFERROR(VLOOKUP(A109,$H$422:$J$433,3,FALSE),"") | F109: =IF(E109="",F108,E109) -> 45017 | Y109: =Y108+1 -> 45392 | Z109: 434.2 | AA109: =IF(Z109=0,1,0) -> 0 | AB109: =IFERROR(VLOOKUP(Y109,'Geração Equatorial x Medido'!$O$15:$R$27,2,FALSE),"") | AC109: =IF(AB109="",AC108,AB109) -> 45352 | AD109: =IFERROR(VLOOKUP(Y109,$H$422:$J$457,3,FALSE),"") | AE109: =IF(AD109="",AE108,AD109) -> 45383 | AX109: =AX108+1 -> 45752 | AY109: 540.5 | AZ109: =IF(AY109=0,1,0) -> 0 | BA109: =IFERROR(VLOOKUP(AX108,'Geração Equatorial x Medido'!$O$4:$P$55,2,FALSE),"") | BB109: =IF(BA109="",BB110,BA109) -> 45748 | BC109: =IFERROR(VLOOKUP(AX109,$H$422:$J$457,3,FALSE),"") | BD109: =IF(BC109="",BD108,BC109) -> 45748 | BZ109: =BZ108+1 -> 46118 | CB109: =IF(CA109=0,1,0) -> 1 | CC109: =IFERROR(VLOOKUP(BZ108,'Geração Equatorial x Medido'!$O$4:$P$55,2,FALSE),"") | CD109: =IF(CC109="",CD110,CC109) -> 46113 | CE109: =IFERROR(VLOOKUP(BZ109,$H$422:$J$469,3,FALSE),"") | CF109: =IF(CE109="",CF108,CE109) -> 46113
A110: =A109+1 -> 45033 | B110: 0 | C110: =IFERROR(VLOOKUP(A110,'Geração Equatorial x Medido'!$O$4:$P$15,2,FALSE),"") | D110: =IF(C110="",D109,C110) -> 44986 | E110: =IFERROR(VLOOKUP(A110,$H$422:$J$433,3,FALSE),"") | F110: =IF(E110="",F109,E110) -> 45017 | Y110: =Y109+1 -> 45393 | Z110: 414.5 | AA110: =IF(Z110=0,1,0) -> 0 | AB110: =IFERROR(VLOOKUP(Y110,'Geração Equatorial x Medido'!$O$15:$R$27,2,FALSE),"") | AC110: =IF(AB110="",AC109,AB110) -> 45352 | AD110: =IFERROR(VLOOKUP(Y110,$H$422:$J$457,3,FALSE),"") | AE110: =IF(AD110="",AE109,AD110) -> 45383 | AX110: =AX109+1 -> 45753 | AY110: 440 | AZ110: =IF(AY110=0,1,0) -> 0 | BA110: =IFERROR(VLOOKUP(AX109,'Geração Equatorial x Medido'!$O$4:$P$55,2,FALSE),"") | BB110: =IF(BA110="",BB111,BA110) -> 45748 | BC110: =IFERROR(VLOOKUP(AX110,$H$422:$J$457,3,FALSE),"") | BD110: =IF(BC110="",BD109,BC110) -> 45748 | BZ110: =BZ109+1 -> 46119 | CB110: =IF(CA110=0,1,0) -> 1 | CC110: =IFERROR(VLOOKUP(BZ109,'Geração Equatorial x Medido'!$O$4:$P$55,2,FALSE),"") | CD110: =IF(CC110="",CD111,CC110) -> 46113 | CE110: =IFERROR(VLOOKUP(BZ110,$H$422:$J$469,3,FALSE),"") | CF110: =IF(CE110="",CF109,CE110) -> 46113
A111: =A110+1 -> 45034 | B111: 0 | C111: =IFERROR(VLOOKUP(A111,'Geração Equatorial x Medido'!$O$4:$P$15,2,FALSE),"") | D111: =IF(C111="",D110,C111) -> 44986 | E111: =IFERROR(VLOOKUP(A111,$H$422:$J$433,3,FALSE),"") | F111: =IF(E111="",F110,E111) -> 45017 | Y111: =Y110+1 -> 45394 | Z111: 376.3 | AA111: =IF(Z111=0,1,0) -> 0 | AB111: =IFERROR(VLOOKUP(Y111,'Geração Equatorial x Medido'!$O$15:$R$27,2,FALSE),"") | AC111: =IF(AB111="",AC110,AB111) -> 45352 | AD111: =IFERROR(VLOOKUP(Y111,$H$422:$J$457,3,FALSE),"") | AE111: =IF(AD111="",AE110,AD111) -> 45383 | AX111: =AX110+1 -> 45754 | AY111: 499.9 | AZ111: =IF(AY111=0,1,0) -> 0 | BA111: =IFERROR(VLOOKUP(AX110,'Geração Equatorial x Medido'!$O$4:$P$55,2,FALSE),"") | BB111: =IF(BA111="",BB112,BA111) -> 45748 | BC111: =IFERROR(VLOOKUP(AX111,$H$422:$J$457,3,FALSE),"") | BD111: =IF(BC111="",BD110,BC111) -> 45748 | BZ111: =BZ110+1 -> 46120 | CB111: =IF(CA111=0,1,0) -> 1 | CC111: =IFERROR(VLOOKUP(BZ110,'Geração Equatorial x Medido'!$O$4:$P$55,2,FALSE),"") | CD111: =IF(CC111="",CD112,CC111) -> 46113 | CE111: =IFERROR(VLOOKUP(BZ111,$H$422:$J$469,3,FALSE),"") | CF111: =IF(CE111="",CF110,CE111) -> 46113
A112: =A111+1 -> 45035 | B112: 8.1 | C112: =IFERROR(VLOOKUP(A112,'Geração Equatorial x Medido'!$O$4:$P$15,2,FALSE),"") | D112: =IF(C112="",D111,C112) -> 44986 | E112: =IFERROR(VLOOKUP(A112,$H$422:$J$433,3,FALSE),"") | F112: =IF(E112="",F111,E112) -> 45017 | Y112: =Y111+1 -> 45395 | Z112: 309.3 | AA112: =IF(Z112=0,1,0) -> 0 | AB112: =IFERROR(VLOOKUP(Y112,'Geração Equatorial x Medido'!$O$15:$R$27,2,FALSE),"") | AC112: =IF(AB112="",AC111,AB112) -> 45352 | AD112: =IFERROR(VLOOKUP(Y112,$H$422:$J$457,3,FALSE),"") | AE112: =IF(AD112="",AE111,AD112) -> 45383 | AX112: =AX111+1 -> 45755 | AY112: 598.6 | AZ112: =IF(AY112=0,1,0) -> 0 | BA112: =IFERROR(VLOOKUP(AX111,'Geração Equatorial x Medido'!$O$4:$P$55,2,FALSE),"") | BB112: =IF(BA112="",BB113,BA112) -> 45748 | BC112: =IFERROR(VLOOKUP(AX112,$H$422:$J$457,3,FALSE),"") | BD112: =IF(BC112="",BD111,BC112) -> 45748 | BZ112: =BZ111+1 -> 46121 | CB112: =IF(CA112=0,1,0) -> 1 | CC112: =IFERROR(VLOOKUP(BZ111,'Geração Equatorial x Medido'!$O$4:$P$55,2,FALSE),"") | CD112: =IF(CC112="",CD113,CC112) -> 46113 | CE112: =IFERROR(VLOOKUP(BZ112,$H$422:$J$469,3,FALSE),"") | CF112: =IF(CE112="",CF111,CE112) -> 46113
A113: =A112+1 -> 45036 | B113: 445.4 | C113: =IFERROR(VLOOKUP(A113,'Geração Equatorial x Medido'!$O$4:$P$15,2,FALSE),"") | D113: =IF(C113="",D112,C113) -> 44986 | E113: =IFERROR(VLOOKUP(A113,$H$422:$J$433,3,FALSE),"") | F113: =IF(E113="",F112,E113) -> 45017 | Y113: =Y112+1 -> 45396 | Z113: 385.2 | AA113: =IF(Z113=0,1,0) -> 0 | AB113: =IFERROR(VLOOKUP(Y113,'Geração Equatorial x Medido'!$O$15:$R$27,2,FALSE),"") | AC113: =IF(AB113="",AC112,AB113) -> 45352 | AD113: =IFERROR(VLOOKUP(Y113,$H$422:$J$457,3,FALSE),"") | AE113: =IF(AD113="",AE112,AD113) -> 45383 | AX113: =AX112+1 -> 45756 | AY113: 387.6 | AZ113: =IF(AY113=0,1,0) -> 0 | BA113: =IFERROR(VLOOKUP(AX112,'Geração Equatorial x Medido'!$O$4:$P$55,2,FALSE),"") | BB113: =IF(BA113="",BB114,BA113) -> 45748 | BC113: =IFERROR(VLOOKUP(AX113,$H$422:$J$457,3,FALSE),"") | BD113: =IF(BC113="",BD112,BC113) -> 45748 | BZ113: =BZ112+1 -> 46122 | CB113: =IF(CA113=0,1,0) -> 1 | CC113: =IFERROR(VLOOKUP(BZ112,'Geração Equatorial x Medido'!$O$4:$P$55,2,FALSE),"") | CD113: =IF(CC113="",CD114,CC113) -> 46113 | CE113: =IFERROR(VLOOKUP(BZ113,$H$422:$J$469,3,FALSE),"") | CF113: =IF(CE113="",CF112,CE113) -> 46113
A114: =A113+1 -> 45037 | B114: 558.9 | C114: =IFERROR(VLOOKUP(A114,'Geração Equatorial x Medido'!$O$4:$P$15,2,FALSE),"") | D114: =IF(C114="",D113,C114) -> 44986 | E114: =IFERROR(VLOOKUP(A114,$H$422:$J$433,3,FALSE),"") | F114: =IF(E114="",F113,E114) -> 45017 | Y114: =Y113+1 -> 45397 | Z114: 460.2 | AA114: =IF(Z114=0,1,0) -> 0 | AB114: =IFERROR(VLOOKUP(Y114,'Geração Equatorial x Medido'!$O$15:$R$27,2,FALSE),"") | AC114: =IF(AB114="",AC113,AB114) -> 45352 | AD114: =IFERROR(VLOOKUP(Y114,$H$422:$J$457,3,FALSE),"") | AE114: =IF(AD114="",AE113,AD114) -> 45383 | AX114: =AX113+1 -> 45757 | AY114: 405.6 | AZ114: =IF(AY114=0,1,0) -> 0 | BA114: =IFERROR(VLOOKUP(AX113,'Geração Equatorial x Medido'!$O$4:$P$55,2,FALSE),"") | BB114: =IF(BA114="",BB115,BA114) -> 45748 | BC114: =IFERROR(VLOOKUP(AX114,$H$422:$J$457,3,FALSE),"") | BD114: =IF(BC114="",BD113,BC114) -> 45748 | BZ114: =BZ113+1 -> 46123 | CB114: =IF(CA114=0,1,0) -> 1 | CC114: =IFERROR(VLOOKUP(BZ113,'Geração Equatorial x Medido'!$O$4:$P$55,2,FALSE),"") | CD114: =IF(CC114="",CD115,CC114) -> 46113 | CE114: =IFERROR(VLOOKUP(BZ114,$H$422:$J$469,3,FALSE),"") | CF114: =IF(CE114="",CF113,CE114) -> 46113
A115: =A114+1 -> 45038 | B115: 580.4 | C115: =IFERROR(VLOOKUP(A115,'Geração Equatorial x Medido'!$O$4:$P$15,2,FALSE),"") | D115: =IF(C115="",D114,C115) -> 44986 | E115: =IFERROR(VLOOKUP(A115,$H$422:$J$433,3,FALSE),"") | F115: =IF(E115="",F114,E115) -> 45017 | Y115: =Y114+1 -> 45398 | Z115: 391.8 | AA115: =IF(Z115=0,1,0) -> 0 | AB115: =IFERROR(VLOOKUP(Y115,'Geração Equatorial x Medido'!$O$15:$R$27,2,FALSE),"") | AC115: =IF(AB115="",AC114,AB115) -> 45352 | AD115: =IFERROR(VLOOKUP(Y115,$H$422:$J$457,3,FALSE),"") | AE115: =IF(AD115="",AE114,AD115) -> 45383 | AX115: =AX114+1 -> 45758 | AY115: 429.2 | AZ115: =IF(AY115=0,1,0) -> 0 | BA115: =IFERROR(VLOOKUP(AX114,'Geração Equatorial x Medido'!$O$4:$P$55,2,FALSE),"") | BB115: =IF(BA115="",BB116,BA115) -> 45748 | BC115: =IFERROR(VLOOKUP(AX115,$H$422:$J$457,3,FALSE),"") | BD115: =IF(BC115="",BD114,BC115) -> 45748 | BZ115: =BZ114+1 -> 46124 | CB115: =IF(CA115=0,1,0) -> 1 | CC115: =IFERROR(VLOOKUP(BZ114,'Geração Equatorial x Medido'!$O$4:$P$55,2,FALSE),"") | CD115: =IF(CC115="",CD116,CC115) -> 46113 | CE115: =IFERROR(VLOOKUP(BZ115,$H$422:$J$469,3,FALSE),"") | CF115: =IF(CE115="",CF114,CE115) -> 46113
A116: =A115+1 -> 45039 | B116: 420.8 | C116: =IFERROR(VLOOKUP(A116,'Geração Equatorial x Medido'!$O$4:$P$15,2,FALSE),"") | D116: =IF(C116="",D115,C116) -> 44986 | E116: =IFERROR(VLOOKUP(A116,$H$422:$J$433,3,FALSE),"") | F116: =IF(E116="",F115,E116) -> 45017 | Y116: =Y115+1 -> 45399 | Z116: 531.1 | AA116: =IF(Z116=0,1,0) -> 0 | AB116: =IFERROR(VLOOKUP(Y116,'Geração Equatorial x Medido'!$O$15:$R$27,2,FALSE),"") | AC116: =IF(AB116="",AC115,AB116) -> 45352 | AD116: =IFERROR(VLOOKUP(Y116,$H$422:$J$457,3,FALSE),"") | AE116: =IF(AD116="",AE115,AD116) -> 45383 | AX116: =AX115+1 -> 45759 | AY116: 423.2 | AZ116: =IF(AY116=0,1,0) -> 0 | BA116: =IFERROR(VLOOKUP(AX115,'Geração Equatorial x Medido'!$O$4:$P$55,2,FALSE),"") | BB116: =IF(BA116="",BB117,BA116) -> 45748 | BC116: =IFERROR(VLOOKUP(AX116,$H$422:$J$457,3,FALSE),"") | BD116: =IF(BC116="",BD115,BC116) -> 45748 | BZ116: =BZ115+1 -> 46125 | CB116: =IF(CA116=0,1,0) -> 1 | CC116: =IFERROR(VLOOKUP(BZ115,'Geração Equatorial x Medido'!$O$4:$P$55,2,FALSE),"") | CD116: =IF(CC116="",CD117,CC116) -> 46113 | CE116: =IFERROR(VLOOKUP(BZ116,$H$422:$J$469,3,FALSE),"") | CF116: =IF(CE116="",CF115,CE116) -> 46113
A117: =A116+1 -> 45040 | B117: 588.9 | C117: =IFERROR(VLOOKUP(A117,'Geração Equatorial x Medido'!$O$4:$P$15,2,FALSE),"") | D117: =IF(C117="",D116,C117) -> 44986 | E117: =IFERROR(VLOOKUP(A117,$H$422:$J$433,3,FALSE),"") | F117: =IF(E117="",F116,E117) -> 45017 | Y117: =Y116+1 -> 45400 | Z117: 126.6 | AA117: =IF(Z117=0,1,0) -> 0 | AB117: =IFERROR(VLOOKUP(Y117,'Geração Equatorial x Medido'!$O$15:$R$27,2,FALSE),"") | AC117: =IF(AB117="",AC116,AB117) -> 45352 | AD117: =IFERROR(VLOOKUP(Y117,$H$422:$J$457,3,FALSE),"") | AE117: =IF(AD117="",AE116,AD117) -> 45383 | AX117: =AX116+1 -> 45760 | AY117: 457 | AZ117: =IF(AY117=0,1,0) -> 0 | BA117: =IFERROR(VLOOKUP(AX116,'Geração Equatorial x Medido'!$O$4:$P$55,2,FALSE),"") | BB117: =IF(BA117="",BB118,BA117) -> 45748 | BC117: =IFERROR(VLOOKUP(AX117,$H$422:$J$457,3,FALSE),"") | BD117: =IF(BC117="",BD116,BC117) -> 45748 | BZ117: =BZ116+1 -> 46126 | CB117: =IF(CA117=0,1,0) -> 1 | CC117: =IFERROR(VLOOKUP(BZ116,'Geração Equatorial x Medido'!$O$4:$P$55,2,FALSE),"") | CD117: =IF(CC117="",CD118,CC117) -> 46113 | CE117: =IFERROR(VLOOKUP(BZ117,$H$422:$J$469,3,FALSE),"") | CF117: =IF(CE117="",CF116,CE117) -> 46113
A118: =A117+1 -> 45041 | B118: 415.3 | C118: =IFERROR(VLOOKUP(A118,'Geração Equatorial x Medido'!$O$4:$P$15,2,FALSE),"") | D118: =IF(C118="",D117,C118) -> 44986 | E118: =IFERROR(VLOOKUP(A118,$H$422:$J$433,3,FALSE),"") | F118: =IF(E118="",F117,E118) -> 45017 | Y118: =Y117+1 -> 45401 | Z118: 329.2 | AA118: =IF(Z118=0,1,0) -> 0 | AB118: =IFERROR(VLOOKUP(Y118,'Geração Equatorial x Medido'!$O$15:$R$27,2,FALSE),"") | AC118: =IF(AB118="",AC117,AB118) -> 45352 | AD118: =IFERROR(VLOOKUP(Y118,$H$422:$J$457,3,FALSE),"") | AE118: =IF(AD118="",AE117,AD118) -> 45383 | AX118: =AX117+1 -> 45761 | AY118: 563 | AZ118: =IF(AY118=0,1,0) -> 0 | BA118: =IFERROR(VLOOKUP(AX117,'Geração Equatorial x Medido'!$O$4:$P$55,2,FALSE),"") | BB118: =IF(BA118="",BB119,BA118) -> 45748 | BC118: =IFERROR(VLOOKUP(AX118,$H$422:$J$457,3,FALSE),"") | BD118: =IF(BC118="",BD117,BC118) -> 45748 | BZ118: =BZ117+1 -> 46127 | CB118: =IF(CA118=0,1,0) -> 1 | CC118: =IFERROR(VLOOKUP(BZ117,'Geração Equatorial x Medido'!$O$4:$P$55,2,FALSE),"") | CD118: =IF(CC118="",CD119,CC118) -> 46113 | CE118: =IFERROR(VLOOKUP(BZ118,$H$422:$J$469,3,FALSE),"") | CF118: =IF(CE118="",CF117,CE118) -> 46113
A119: =A118+1 -> 45042 | B119: 320.5 | C119: =IFERROR(VLOOKUP(A119,'Geração Equatorial x Medido'!$O$4:$P$15,2,FALSE),"") -> 45017 | D119: =IF(C119="",D118,C119) -> 45017 | E119: =IFERROR(VLOOKUP(A119,$H$422:$J$433,3,FALSE),"") | F119: =IF(E119="",F118,E119) -> 45017 | Y119: =Y118+1 -> 45402 | Z119: 361.4 | AA119: =IF(Z119=0,1,0) -> 0 | AB119: =IFERROR(VLOOKUP(Y119,'Geração Equatorial x Medido'!$O$15:$R$27,2,FALSE),"") | AC119: =IF(AB119="",AC118,AB119) -> 45352 | AD119: =IFERROR(VLOOKUP(Y119,$H$422:$J$457,3,FALSE),"") | AE119: =IF(AD119="",AE118,AD119) -> 45383 | AX119: =AX118+1 -> 45762 | AY119: 532.8 | AZ119: =IF(AY119=0,1,0) -> 0 | BA119: =IFERROR(VLOOKUP(AX118,'Geração Equatorial x Medido'!$O$4:$P$55,2,FALSE),"") | BB119: =IF(BA119="",BB120,BA119) -> 45748 | BC119: =IFERROR(VLOOKUP(AX119,$H$422:$J$457,3,FALSE),"") | BD119: =IF(BC119="",BD118,BC119) -> 45748 | BZ119: =BZ118+1 -> 46128 | CB119: =IF(CA119=0,1,0) -> 1 | CC119: =IFERROR(VLOOKUP(BZ118,'Geração Equatorial x Medido'!$O$4:$P$55,2,FALSE),"") | CD119: =IF(CC119="",CD120,CC119) -> 46113 | CE119: =IFERROR(VLOOKUP(BZ119,$H$422:$J$469,3,FALSE),"") | CF119: =IF(CE119="",CF118,CE119) -> 46113
A120: =A119+1 -> 45043 | B120: 422.3 | C120: =IFERROR(VLOOKUP(A120,'Geração Equatorial x Medido'!$O$4:$P$15,2,FALSE),"") | D120: =IF(C120="",D119,C120) -> 45017 | E120: =IFERROR(VLOOKUP(A120,$H$422:$J$433,3,FALSE),"") | F120: =IF(E120="",F119,E120) -> 45017 | Y120: =Y119+1 -> 45403 | Z120: 590.8 | AA120: =IF(Z120=0,1,0) -> 0 | AB120: =IFERROR(VLOOKUP(Y120,'Geração Equatorial x Medido'!$O$15:$R$27,2,FALSE),"") | AC120: =IF(AB120="",AC119,AB120) -> 45352 | AD120: =IFERROR(VLOOKUP(Y120,$H$422:$J$457,3,FALSE),"") | AE120: =IF(AD120="",AE119,AD120) -> 45383 | AX120: =AX119+1 -> 45763 | AY120: 526.7 | AZ120: =IF(AY120=0,1,0) -> 0 | BA120: =IFERROR(VLOOKUP(AX119,'Geração Equatorial x Medido'!$O$4:$P$55,2,FALSE),"") | BB120: =IF(BA120="",BB121,BA120) -> 45748 | BC120: =IFERROR(VLOOKUP(AX120,$H$422:$J$457,3,FALSE),"") | BD120: =IF(BC120="",BD119,BC120) -> 45748 | BZ120: =BZ119+1 -> 46129 | CB120: =IF(CA120=0,1,0) -> 1 | CC120: =IFERROR(VLOOKUP(BZ119,'Geração Equatorial x Medido'!$O$4:$P$55,2,FALSE),"") | CD120: =IF(CC120="",CD121,CC120) -> 46113 | CE120: =IFERROR(VLOOKUP(BZ120,$H$422:$J$469,3,FALSE),"") | CF120: =IF(CE120="",CF119,CE120) -> 46113
... A257: =A256+1 -> 45180 | B257: 0 | C257: =IFERROR(VLOOKUP(A257,'Geração Equatorial x Medido'!$O$4:$P$15,2,FALSE),"") | D257: =IF(C257="",D256,C257) -> 45139 | E257: =IFERROR(VLOOKUP(A257,$H$422:$J$433,3,FALSE),"") | F257: =IF(E257="",F256,E257) -> 45170 | Y257: =Y256+1 -> 45540 | Z257: 587.4 | AA257: =IF(Z257=0,1,0) -> 0 | AB257: =IFERROR(VLOOKUP(Y257,'Geração Equatorial x Medido'!$O$15:$R$27,2,FALSE),"") | AC257: =IF(AB257="",AC256,AB257) -> 45505 | AD257: =IFERROR(VLOOKUP(Y257,$H$422:$J$457,3,FALSE),"") | AE257: =IF(AD257="",AE256,AD257) -> 45536 | AX257: =AX256+1 -> 45900 | AY257: 509 | AZ257: =IF(AY257=0,1,0) -> 0 | BA257: =IFERROR(VLOOKUP(AX256,'Geração Equatorial x Medido'!$O$4:$P$55,2,FALSE),"") | BB257: =IF(BA257="",BB258,BA257) -> 45901 | BC257: =IFERROR(VLOOKUP(AX257,$H$422:$J$457,3,FALSE),"") | BD257: =IF(BC257="",BD256,BC257) -> 45870 | BZ257: =BZ256+1 -> 46266 | CB257: =IF(CA257=0,1,0) -> 1 | CC257: =IFERROR(VLOOKUP(BZ256,'Geração Equatorial x Medido'!$O$4:$P$55,2,FALSE),"") | CD257: =IF(CC257="",CD258,CC257) -> 46266 | CE257: =IFERROR(VLOOKUP(BZ257,$H$422:$J$469,3,FALSE),"") -> 46266 | CF257: =IF(CE257="",CF256,CE257) -> 46266
A258: =A257+1 -> 45181 | B258: 0 | C258: =IFERROR(VLOOKUP(A258,'Geração Equatorial x Medido'!$O$4:$P$15,2,FALSE),"") | D258: =IF(C258="",D257,C258) -> 45139 | E258: =IFERROR(VLOOKUP(A258,$H$422:$J$433,3,FALSE),"") | F258: =IF(E258="",F257,E258) -> 45170 | Y258: =Y257+1 -> 45541 | Z258: 548.2 | AA258: =IF(Z258=0,1,0) -> 0 | AB258: =IFERROR(VLOOKUP(Y258,'Geração Equatorial x Medido'!$O$15:$R$27,2,FALSE),"") | AC258: =IF(AB258="",AC257,AB258) -> 45505 | AD258: =IFERROR(VLOOKUP(Y258,$H$422:$J$457,3,FALSE),"") | AE258: =IF(AD258="",AE257,AD258) -> 45536 | AX258: =AX257+1 -> 45901 | AY258: 517.2 | BA258: =IFERROR(VLOOKUP(AX257,'Geração Equatorial x Medido'!$O$4:$P$55,2,FALSE),"") | BB258: =IF(BA258="",BB259,BA258) -> 45901 | BC258: =IFERROR(VLOOKUP(AX258,$H$422:$J$457,3,FALSE),"") -> 45901 | BD258: =IF(BC258="",BD257,BC258) -> 45901 | BZ258: =BZ257+1 -> 46267 | CB258: =IF(CA258=0,1,0) -> 1 | CC258: =IFERROR(VLOOKUP(BZ257,'Geração Equatorial x Medido'!$O$4:$P$55,2,FALSE),"") | CD258: =IF(CC258="",CD259,CC258) -> 46266 | CE258: =IFERROR(VLOOKUP(BZ258,$H$422:$J$469,3,FALSE),"") | CF258: =IF(CE258="",CF257,CE258) -> 46266
A259: =A258+1 -> 45182 | B259: 0 | C259: =IFERROR(VLOOKUP(A259,'Geração Equatorial x Medido'!$O$4:$P$15,2,FALSE),"") | D259: =IF(C259="",D258,C259) -> 45139 | E259: =IFERROR(VLOOKUP(A259,$H$422:$J$433,3,FALSE),"") | F259: =IF(E259="",F258,E259) -> 45170 | Y259: =Y258+1 -> 45542 | Z259: 581.6 | AA259: =IF(Z259=0,1,0) -> 0 | AB259: =IFERROR(VLOOKUP(Y259,'Geração Equatorial x Medido'!$O$15:$R$27,2,FALSE),"") | AC259: =IF(AB259="",AC258,AB259) -> 45505 | AD259: =IFERROR(VLOOKUP(Y259,$H$422:$J$457,3,FALSE),"") | AE259: =IF(AD259="",AE258,AD259) -> 45536 | AX259: =AX258+1 -> 45902 | AY259: 560 | AZ259: =IF(AY259=0,1,0) -> 0 | BA259: =IFERROR(VLOOKUP(AX258,'Geração Equatorial x Medido'!$O$4:$P$55,2,FALSE),"") | BB259: =IF(BA259="",BB260,BA259) -> 45901 | BC259: =IFERROR(VLOOKUP(AX259,$H$422:$J$457,3,FALSE),"") | BD259: =IF(BC259="",BD258,BC259) -> 45901 | BZ259: =BZ258+1 -> 46268 | CB259: =IF(CA259=0,1,0) -> 1 | CC259: =IFERROR(VLOOKUP(BZ258,'Geração Equatorial x Medido'!$O$4:$P$55,2,FALSE),"") | CD259: =IF(CC259="",CD260,CC259) -> 46266 | CE259: =IFERROR(VLOOKUP(BZ259,$H$422:$J$469,3,FALSE),"") | CF259: =IF(CE259="",CF258,CE259) -> 46266
A260: =A259+1 -> 45183 | B260: 0 | C260: =IFERROR(VLOOKUP(A260,'Geração Equatorial x Medido'!$O$4:$P$15,2,FALSE),"") | D260: =IF(C260="",D259,C260) -> 45139 | E260: =IFERROR(VLOOKUP(A260,$H$422:$J$433,3,FALSE),"") | F260: =IF(E260="",F259,E260) -> 45170 | Y260: =Y259+1 -> 45543 | Z260: 565.7 | AA260: =IF(Z260=0,1,0) -> 0 | AB260: =IFERROR(VLOOKUP(Y260,'Geração Equatorial x Medido'!$O$15:$R$27,2,FALSE),"") | AC260: =IF(AB260="",AC259,AB260) -> 45505 | AD260: =IFERROR(VLOOKUP(Y260,$H$422:$J$457,3,FALSE),"") | AE260: =IF(AD260="",AE259,AD260) -> 45536 | AX260: =AX259+1 -> 45903 | AY260: 556.9 | AZ260: =IF(AY260=0,1,0) -> 0 | BA260: =IFERROR(VLOOKUP(AX259,'Geração Equatorial x Medido'!$O$4:$P$55,2,FALSE),"") | BB260: =IF(BA260="",BB261,BA260) -> 45901 | BC260: =IFERROR(VLOOKUP(AX260,$H$422:$J$457,3,FALSE),"") | BD260: =IF(BC260="",BD259,BC260) -> 45901 | BZ260: =BZ259+1 -> 46269 | CB260: =IF(CA260=0,1,0) -> 1 | CC260: =IFERROR(VLOOKUP(BZ259,'Geração Equatorial x Medido'!$O$4:$P$55,2,FALSE),"") | CD260: =IF(CC260="",CD261,CC260) -> 46266 | CE260: =IFERROR(VLOOKUP(BZ260,$H$422:$J$469,3,FALSE),"") | CF260: =IF(CE260="",CF259,CE260) -> 46266
A261: =A260+1 -> 45184 | B261: 556.6 | C261: =IFERROR(VLOOKUP(A261,'Geração Equatorial x Medido'!$O$4:$P$15,2,FALSE),"") | D261: =IF(C261="",D260,C261) -> 45139 | E261: =IFERROR(VLOOKUP(A261,$H$422:$J$433,3,FALSE),"") | F261: =IF(E261="",F260,E261) -> 45170 | Y261: =Y260+1 -> 45544 | Z261: 565.8 | AA261: =IF(Z261=0,1,0) -> 0 | AB261: =IFERROR(VLOOKUP(Y261,'Geração Equatorial x Medido'!$O$15:$R$27,2,FALSE),"") | AC261: =IF(AB261="",AC260,AB261) -> 45505 | AD261: =IFERROR(VLOOKUP(Y261,$H$422:$J$457,3,FALSE),"") | AE261: =IF(AD261="",AE260,AD261) -> 45536 | AX261: =AX260+1 -> 45904 | AY261: 521.6 | AZ261: =IF(AY261=0,1,0) -> 0 | BA261: =IFERROR(VLOOKUP(AX260,'Geração Equatorial x Medido'!$O$4:$P$55,2,FALSE),"") | BB261: =IF(BA261="",BB262,BA261) -> 45901 | BC261: =IFERROR(VLOOKUP(AX261,$H$422:$J$457,3,FALSE),"") | BD261: =IF(BC261="",BD260,BC261) -> 45901 | BZ261: =BZ260+1 -> 46270 | CB261: =IF(CA261=0,1,0) -> 1 | CC261: =IFERROR(VLOOKUP(BZ260,'Geração Equatorial x Medido'!$O$4:$P$55,2,FALSE),"") | CD261: =IF(CC261="",CD262,CC261) -> 46266 | CE261: =IFERROR(VLOOKUP(BZ261,$H$422:$J$469,3,FALSE),"") | CF261: =IF(CE261="",CF260,CE261) -> 46266
A262: =A261+1 -> 45185 | B262: 412.4 | C262: =IFERROR(VLOOKUP(A262,'Geração Equatorial x Medido'!$O$4:$P$15,2,FALSE),"") | D262: =IF(C262="",D261,C262) -> 45139 | E262: =IFERROR(VLOOKUP(A262,$H$422:$J$433,3,FALSE),"") | F262: =IF(E262="",F261,E262) -> 45170 | Y262: =Y261+1 -> 45545 | Z262: 567.9 | AA262: =IF(Z262=0,1,0) -> 0 | AB262: =IFERROR(VLOOKUP(Y262,'Geração Equatorial x Medido'!$O$15:$R$27,2,FALSE),"") | AC262: =IF(AB262="",AC261,AB262) -> 45505 | AD262: =IFERROR(VLOOKUP(Y262,$H$422:$J$457,3,FALSE),"") | AE262: =IF(AD262="",AE261,AD262) -> 45536 | AX262: =AX261+1 -> 45905 | AY262: 520.3 | AZ262: =IF(AY262=0,1,0) -> 0 | BA262: =IFERROR(VLOOKUP(AX261,'Geração Equatorial x Medido'!$O$4:$P$55,2,FALSE),"") | BB262: =IF(BA262="",BB263,BA262) -> 45901 | BC262: =IFERROR(VLOOKUP(AX262,$H$422:$J$457,3,FALSE),"") | BD262: =IF(BC262="",BD261,BC262) -> 45901 | BZ262: =BZ261+1 -> 46271 | CB262: =IF(CA262=0,1,0) -> 1 | CC262: =IFERROR(VLOOKUP(BZ261,'Geração Equatorial x Medido'!$O$4:$P$55,2,FALSE),"") | CD262: =IF(CC262="",CD263,CC262) -> 46266 | CE262: =IFERROR(VLOOKUP(BZ262,$H$422:$J$469,3,FALSE),"") | CF262: =IF(CE262="",CF261,CE262) -> 46266
A263: =A262+1 -> 45186 | B263: 295.1 | C263: =IFERROR(VLOOKUP(A263,'Geração Equatorial x Medido'!$O$4:$P$15,2,FALSE),"") | D263: =IF(C263="",D262,C263) -> 45139 | E263: =IFERROR(VLOOKUP(A263,$H$422:$J$433,3,FALSE),"") | F263: =IF(E263="",F262,E263) -> 45170 | Y263: =Y262+1 -> 45546 | Z263: 546.1 | AA263: =IF(Z263=0,1,0) -> 0 | AB263: =IFERROR(VLOOKUP(Y263,'Geração Equatorial x Medido'!$O$15:$R$27,2,FALSE),"") | AC263: =IF(AB263="",AC262,AB263) -> 45505 | AD263: =IFERROR(VLOOKUP(Y263,$H$422:$J$457,3,FALSE),"") | AE263: =IF(AD263="",AE262,AD263) -> 45536 | AX263: =AX262+1 -> 45906 | AY263: 547 | AZ263: =IF(AY263=0,1,0) -> 0 | BA263: =IFERROR(VLOOKUP(AX262,'Geração Equatorial x Medido'!$O$4:$P$55,2,FALSE),"") | BB263: =IF(BA263="",BB264,BA263) -> 45901 | BC263: =IFERROR(VLOOKUP(AX263,$H$422:$J$457,3,FALSE),"") | BD263: =IF(BC263="",BD262,BC263) -> 45901 | BZ263: =BZ262+1 -> 46272 | CB263: =IF(CA263=0,1,0) -> 1 | CC263: =IFERROR(VLOOKUP(BZ262,'Geração Equatorial x Medido'!$O$4:$P$55,2,FALSE),"") | CD263: =IF(CC263="",CD264,CC263) -> 46266 | CE263: =IFERROR(VLOOKUP(BZ263,$H$422:$J$469,3,FALSE),"") | CF263: =IF(CE263="",CF262,CE263) -> 46266
A264: =A263+1 -> 45187 | B264: 301.3 | C264: =IFERROR(VLOOKUP(A264,'Geração Equatorial x Medido'!$O$4:$P$15,2,FALSE),"") | D264: =IF(C264="",D263,C264) -> 45139 | E264: =IFERROR(VLOOKUP(A264,$H$422:$J$433,3,FALSE),"") | F264: =IF(E264="",F263,E264) -> 45170 | Y264: =Y263+1 -> 45547 | Z264: 584.5 | AA264: =IF(Z264=0,1,0) -> 0 | AB264: =IFERROR(VLOOKUP(Y264,'Geração Equatorial x Medido'!$O$15:$R$27,2,FALSE),"") | AC264: =IF(AB264="",AC263,AB264) -> 45505 | AD264: =IFERROR(VLOOKUP(Y264,$H$422:$J$457,3,FALSE),"") | AE264: =IF(AD264="",AE263,AD264) -> 45536 | AX264: =AX263+1 -> 45907 | AY264: 578.8 | AZ264: =IF(AY264=0,1,0) -> 0 | BA264: =IFERROR(VLOOKUP(AX263,'Geração Equatorial x Medido'!$O$4:$P$55,2,FALSE),"") | BB264: =IF(BA264="",BB265,BA264) -> 45901 | BC264: =IFERROR(VLOOKUP(AX264,$H$422:$J$457,3,FALSE),"") | BD264: =IF(BC264="",BD263,BC264) -> 45901 | BZ264: =BZ263+1 -> 46273 | CB264: =IF(CA264=0,1,0) -> 1 | CC264: =IFERROR(VLOOKUP(BZ263,'Geração Equatorial x Medido'!$O$4:$P$55,2,FALSE),"") | CD264: =IF(CC264="",CD265,CC264) -> 46266 | CE264: =IFERROR(VLOOKUP(BZ264,$H$422:$J$469,3,FALSE),"") | CF264: =IF(CE264="",CF263,CE264) -> 46266
A265: =A264+1 -> 45188 | B265: 293.1 | C265: =IFERROR(VLOOKUP(A265,'Geração Equatorial x Medido'!$O$4:$P$15,2,FALSE),"") | D265: =IF(C265="",D264,C265) -> 45139 | E265: =IFERROR(VLOOKUP(A265,$H$422:$J$433,3,FALSE),"") | F265: =IF(E265="",F264,E265) -> 45170 | Y265: =Y264+1 -> 45548 | Z265: 564.1 | AA265: =IF(Z265=0,1,0) -> 0 | AB265: =IFERROR(VLOOKUP(Y265,'Geração Equatorial x Medido'!$O$15:$R$27,2,FALSE),"") | AC265: =IF(AB265="",AC264,AB265) -> 45505 | AD265: =IFERROR(VLOOKUP(Y265,$H$422:$J$457,3,FALSE),"") | AE265: =IF(AD265="",AE264,AD265) -> 45536 | AX265: =AX264+1 -> 45908 | AY265: 565.3 | AZ265: =IF(AY265=0,1,0) -> 0 | BA265: =IFERROR(VLOOKUP(AX264,'Geração Equatorial x Medido'!$O$4:$P$55,2,FALSE),"") | BB265: =IF(BA265="",BB266,BA265) -> 45901 | BC265: =IFERROR(VLOOKUP(AX265,$H$422:$J$457,3,FALSE),"") | BD265: =IF(BC265="",BD264,BC265) -> 45901 | BZ265: =BZ264+1 -> 46274 | CB265: =IF(CA265=0,1,0) -> 1 | CC265: =IFERROR(VLOOKUP(BZ264,'Geração Equatorial x Medido'!$O$4:$P$55,2,FALSE),"") | CD265: =IF(CC265="",CD266,CC265) -> 46266 | CE265: =IFERROR(VLOOKUP(BZ265,$H$422:$J$469,3,FALSE),"") | CF265: =IF(CE265="",CF264,CE265) -> 46266
A266: =A265+1 -> 45189 | B266: 289.1 | C266: =IFERROR(VLOOKUP(A266,'Geração Equatorial x Medido'!$O$4:$P$15,2,FALSE),"") | D266: =IF(C266="",D265,C266) -> 45139 | E266: =IFERROR(VLOOKUP(A266,$H$422:$J$433,3,FALSE),"") | F266: =IF(E266="",F265,E266) -> 45170 | Y266: =Y265+1 -> 45549 | Z266: 572.6 | AA266: =IF(Z266=0,1,0) -> 0 | AB266: =IFERROR(VLOOKUP(Y266,'Geração Equatorial x Medido'!$O$15:$R$27,2,FALSE),"") | AC266: =IF(AB266="",AC265,AB266) -> 45505 | AD266: =IFERROR(VLOOKUP(Y266,$H$422:$J$457,3,FALSE),"") | AE266: =IF(AD266="",AE265,AD266) -> 45536 | AX266: =AX265+1 -> 45909 | AY266: 529.2 | AZ266: =IF(AY266=0,1,0) -> 0 | BA266: =IFERROR(VLOOKUP(AX265,'Geração Equatorial x Medido'!$O$4:$P$55,2,FALSE),"") | BB266: =IF(BA266="",BB267,BA266) -> 45901 | BC266: =IFERROR(VLOOKUP(AX266,$H$422:$J$457,3,FALSE),"") | BD266: =IF(BC266="",BD265,BC266) -> 45901 | BZ266: =BZ265+1 -> 46275 | CB266: =IF(CA266=0,1,0) -> 1 | CC266: =IFERROR(VLOOKUP(BZ265,'Geração Equatorial x Medido'!$O$4:$P$55,2,FALSE),"") | CD266: =IF(CC266="",CD267,CC266) -> 46266 | CE266: =IFERROR(VLOOKUP(BZ266,$H$422:$J$469,3,FALSE),"") | CF266: =IF(CE266="",CF265,CE266) -> 46266
A267: =A266+1 -> 45190 | B267: 307.6 | C267: =IFERROR(VLOOKUP(A267,'Geração Equatorial x Medido'!$O$4:$P$15,2,FALSE),"") | D267: =IF(C267="",D266,C267) -> 45139 | E267: =IFERROR(VLOOKUP(A267,$H$422:$J$433,3,FALSE),"") | F267: =IF(E267="",F266,E267) -> 45170 | Y267: =Y266+1 -> 45550 | Z267: 585.1 | AA267: =IF(Z267=0,1,0) -> 0 | AB267: =IFERROR(VLOOKUP(Y267,'Geração Equatorial x Medido'!$O$15:$R$27,2,FALSE),"") | AC267: =IF(AB267="",AC266,AB267) -> 45505 | AD267: =IFERROR(VLOOKUP(Y267,$H$422:$J$457,3,FALSE),"") | AE267: =IF(AD267="",AE266,AD267) -> 45536 | AX267: =AX266+1 -> 45910 | AY267: 578.5 | AZ267: =IF(AY267=0,1,0) -> 0 | BA267: =IFERROR(VLOOKUP(AX266,'Geração Equatorial x Medido'!$O$4:$P$55,2,FALSE),"") | BB267: =IF(BA267="",BB268,BA267) -> 45901 | BC267: =IFERROR(VLOOKUP(AX267,$H$422:$J$457,3,FALSE),"") | BD267: =IF(BC267="",BD266,BC267) -> 45901 | BZ267: =BZ266+1 -> 46276 | CB267: =IF(CA267=0,1,0) -> 1 | CC267: =IFERROR(VLOOKUP(BZ266,'Geração Equatorial x Medido'!$O$4:$P$55,2,FALSE),"") | CD267: =IF(CC267="",CD268,CC267) -> 46266 | CE267: =IFERROR(VLOOKUP(BZ267,$H$422:$J$469,3,FALSE),"") | CF267: =IF(CE267="",CF266,CE267) -> 46266
A268: =A267+1 -> 45191 | B268: 301.9 | C268: =IFERROR(VLOOKUP(A268,'Geração Equatorial x Medido'!$O$4:$P$15,2,FALSE),"") | D268: =IF(C268="",D267,C268) -> 45139 | E268: =IFERROR(VLOOKUP(A268,$H$422:$J$433,3,FALSE),"") | F268: =IF(E268="",F267,E268) -> 45170 | Y268: =Y267+1 -> 45551 | Z268: 576.6 | AA268: =IF(Z268=0,1,0) -> 0 | AB268: =IFERROR(VLOOKUP(Y268,'Geração Equatorial x Medido'!$O$15:$R$27,2,FALSE),"") | AC268: =IF(AB268="",AC267,AB268) -> 45505 | AD268: =IFERROR(VLOOKUP(Y268,$H$422:$J$457,3,FALSE),"") | AE268: =IF(AD268="",AE267,AD268) -> 45536 | AX268: =AX267+1 -> 45911 | AY268: 535.6 | AZ268: =IF(AY268=0,1,0) -> 0 | BA268: =IFERROR(VLOOKUP(AX267,'Geração Equatorial x Medido'!$O$4:$P$55,2,FALSE),"") | BB268: =IF(BA268="",BB269,BA268) -> 45901 | BC268: =IFERROR(VLOOKUP(AX268,$H$422:$J$457,3,FALSE),"") | BD268: =IF(BC268="",BD267,BC268) -> 45901 | BZ268: =BZ267+1 -> 46277 | CB268: =IF(CA268=0,1,0) -> 1 | CC268: =IFERROR(VLOOKUP(BZ267,'Geração Equatorial x Medido'!$O$4:$P$55,2,FALSE),"") | CD268: =IF(CC268="",CD269,CC268) -> 46266 | CE268: =IFERROR(VLOOKUP(BZ268,$H$422:$J$469,3,FALSE),"") | CF268: =IF(CE268="",CF267,CE268) -> 46266
A269: =A268+1 -> 45192 | B269: 284.8 | C269: =IFERROR(VLOOKUP(A269,'Geração Equatorial x Medido'!$O$4:$P$15,2,FALSE),"") | D269: =IF(C269="",D268,C269) -> 45139 | E269: =IFERROR(VLOOKUP(A269,$H$422:$J$433,3,FALSE),"") | F269: =IF(E269="",F268,E269) -> 45170 | Y269: =Y268+1 -> 45552 | Z269: 567.4 | AA269: =IF(Z269=0,1,0) -> 0 | AB269: =IFERROR(VLOOKUP(Y269,'Geração Equatorial x Medido'!$O$15:$R$27,2,FALSE),"") | AC269: =IF(AB269="",AC268,AB269) -> 45505 | AD269: =IFERROR(VLOOKUP(Y269,$H$422:$J$457,3,FALSE),"") | AE269: =IF(AD269="",AE268,AD269) -> 45536 | AX269: =AX268+1 -> 45912 | AY269: 555.2 | AZ269: =IF(AY269=0,1,0) -> 0 | BA269: =IFERROR(VLOOKUP(AX268,'Geração Equatorial x Medido'!$O$4:$P$55,2,FALSE),"") | BB269: =IF(BA269="",BB270,BA269) -> 45901 | BC269: =IFERROR(VLOOKUP(AX269,$H$422:$J$457,3,FALSE),"") | BD269: =IF(BC269="",BD268,BC269) -> 45901 | BZ269: =BZ268+1 -> 46278 | CB269: =IF(CA269=0,1,0) -> 1 | CC269: =IFERROR(VLOOKUP(BZ268,'Geração Equatorial x Medido'!$O$4:$P$55,2,FALSE),"") | CD269: =IF(CC269="",CD270,CC269) -> 46266 | CE269: =IFERROR(VLOOKUP(BZ269,$H$422:$J$469,3,FALSE),"") | CF269: =IF(CE269="",CF268,CE269) -> 46266
A270: =A269+1 -> 45193 | B270: 311.5 | C270: =IFERROR(VLOOKUP(A270,'Geração Equatorial x Medido'!$O$4:$P$15,2,FALSE),"") | D270: =IF(C270="",D269,C270) -> 45139 | E270: =IFERROR(VLOOKUP(A270,$H$422:$J$433,3,FALSE),"") | F270: =IF(E270="",F269,E270) -> 45170 | Y270: =Y269+1 -> 45553 | Z270: 521.2 | AA270: =IF(Z270=0,1,0) -> 0 | AB270: =IFERROR(VLOOKUP(Y270,'Geração Equatorial x Medido'!$O$15:$R$27,2,FALSE),"") | AC270: =IF(AB270="",AC269,AB270) -> 45505 | AD270: =IFERROR(VLOOKUP(Y270,$H$422:$J$457,3,FALSE),"") | AE270: =IF(AD270="",AE269,AD270) -> 45536 | AX270: =AX269+1 -> 45913 | AY270: 520.5 | AZ270: =IF(AY270=0,1,0) -> 0 | BA270: =IFERROR(VLOOKUP(AX269,'Geração Equatorial x Medido'!$O$4:$P$55,2,FALSE),"") | BB270: =IF(BA270="",BB271,BA270) -> 45901 | BC270: =IFERROR(VLOOKUP(AX270,$H$422:$J$457,3,FALSE),"") | BD270: =IF(BC270="",BD269,BC270) -> 45901 | BZ270: =BZ269+1 -> 46279 | CB270: =IF(CA270=0,1,0) -> 1 | CC270: =IFERROR(VLOOKUP(BZ269,'Geração Equatorial x Medido'!$O$4:$P$55,2,FALSE),"") | CD270: =IF(CC270="",CD271,CC270) -> 46266 | CE270: =IFERROR(VLOOKUP(BZ270,$H$422:$J$469,3,FALSE),"") | CF270: =IF(CE270="",CF269,CE270) -> 46266
... A321: =A320+1 -> 45244 | B321: 455.1 | C321: =IFERROR(VLOOKUP(A321,'Geração Equatorial x Medido'!$O$4:$P$15,2,FALSE),"") | D321: =IF(C321="",D320,C321) -> 45200 | E321: =IFERROR(VLOOKUP(A321,$H$422:$J$433,3,FALSE),"") | F321: =IF(E321="",F320,E321) -> 45231 | Y321: =Y320+1 -> 45604 | Z321: 474.4 | AA321: =IF(Z321=0,1,0) -> 0 | AB321: =IFERROR(VLOOKUP(Y321,'Geração Equatorial x Medido'!$O$15:$R$27,2,FALSE),"") | AC321: =IF(AB321="",AC320,AB321) -> 45566 | AD321: =IFERROR(VLOOKUP(Y321,$H$422:$J$457,3,FALSE),"") | AE321: =IF(AD321="",AE320,AD321) -> 45597 | AX321: =AX320+1 -> 45964 | AY321: 512.4 | AZ321: =IF(AY321=0,1,0) -> 0 | BA321: =IFERROR(VLOOKUP(AX320,'Geração Equatorial x Medido'!$O$4:$P$55,2,FALSE),"") | BB321: =IF(BA321="",BB322,BA321) -> 45962 | BC321: =IFERROR(VLOOKUP(AX321,$H$422:$J$457,3,FALSE),"") | BD321: =IF(BC321="",BD320,BC321) -> 45962 | BZ321: =BZ320+1 -> 46330 | CB321: =IF(CA321=0,1,0) -> 1 | CC321: =IFERROR(VLOOKUP(BZ320,'Geração Equatorial x Medido'!$O$4:$P$55,2,FALSE),"") | CD321: =IF(CC321="",CD322,CC321) -> 46327 | CE321: =IFERROR(VLOOKUP(BZ321,$H$422:$J$469,3,FALSE),"") | CF321: =IF(CE321="",CF320,CE321) -> 46327
A322: =A321+1 -> 45245 | B322: 464.9 | C322: =IFERROR(VLOOKUP(A322,'Geração Equatorial x Medido'!$O$4:$P$15,2,FALSE),"") | D322: =IF(C322="",D321,C322) -> 45200 | E322: =IFERROR(VLOOKUP(A322,$H$422:$J$433,3,FALSE),"") | F322: =IF(E322="",F321,E322) -> 45231 | Y322: =Y321+1 -> 45605 | Z322: 503.9 | AA322: =IF(Z322=0,1,0) -> 0 | AB322: =IFERROR(VLOOKUP(Y322,'Geração Equatorial x Medido'!$O$15:$R$27,2,FALSE),"") | AC322: =IF(AB322="",AC321,AB322) -> 45566 | AD322: =IFERROR(VLOOKUP(Y322,$H$422:$J$457,3,FALSE),"") | AE322: =IF(AD322="",AE321,AD322) -> 45597 | AX322: =AX321+1 -> 45965 | AY322: 530 | AZ322: =IF('USINA 02 - Barreirinhas'!AY321=0,1,0) -> 0 | BA322: =IFERROR(VLOOKUP(AX321,'Geração Equatorial x Medido'!$O$4:$P$55,2,FALSE),"") | BB322: =IF(BA322="",BB323,BA322) -> 45962 | BC322: =IFERROR(VLOOKUP(AX322,$H$422:$J$457,3,FALSE),"") | BD322: =IF(BC322="",BD321,BC322) -> 45962 | BZ322: =BZ321+1 -> 46331 | CB322: =IF(CA322=0,1,0) -> 1 | CC322: =IFERROR(VLOOKUP(BZ321,'Geração Equatorial x Medido'!$O$4:$P$55,2,FALSE),"") | CD322: =IF(CC322="",CD323,CC322) -> 46327 | CE322: =IFERROR(VLOOKUP(BZ322,$H$422:$J$469,3,FALSE),"") | CF322: =IF(CE322="",CF321,CE322) -> 46327
A323: =A322+1 -> 45246 | B323: 476.5 | C323: =IFERROR(VLOOKUP(A323,'Geração Equatorial x Medido'!$O$4:$P$15,2,FALSE),"") | D323: =IF(C323="",D322,C323) -> 45200 | E323: =IFERROR(VLOOKUP(A323,$H$422:$J$433,3,FALSE),"") | F323: =IF(E323="",F322,E323) -> 45231 | Y323: =Y322+1 -> 45606 | Z323: 511.2 | AA323: =IF(Z323=0,1,0) -> 0 | AB323: =IFERROR(VLOOKUP(Y323,'Geração Equatorial x Medido'!$O$15:$R$27,2,FALSE),"") | AC323: =IF(AB323="",AC322,AB323) -> 45566 | AD323: =IFERROR(VLOOKUP(Y323,$H$422:$J$457,3,FALSE),"") | AE323: =IF(AD323="",AE322,AD323) -> 45597 | AX323: =AX322+1 -> 45966 | AY323: 500.6 | AZ323: =IF(AY323=0,1,0) -> 0 | BA323: =IFERROR(VLOOKUP(AX322,'Geração Equatorial x Medido'!$O$4:$P$55,2,FALSE),"") | BB323: =IF(BA323="",BB324,BA323) -> 45962 | BC323: =IFERROR(VLOOKUP(AX323,$H$422:$J$457,3,FALSE),"") | BD323: =IF(BC323="",BD322,BC323) -> 45962 | BZ323: =BZ322+1 -> 46332 | CB323: =IF(CA323=0,1,0) -> 1 | CC323: =IFERROR(VLOOKUP(BZ322,'Geração Equatorial x Medido'!$O$4:$P$55,2,FALSE),"") | CD323: =IF(CC323="",CD324,CC323) -> 46327 | CE323: =IFERROR(VLOOKUP(BZ323,$H$422:$J$469,3,FALSE),"") | CF323: =IF(CE323="",CF322,CE323) -> 46327
A324: =A323+1 -> 45247 | B324: 424.7 | C324: =IFERROR(VLOOKUP(A324,'Geração Equatorial x Medido'!$O$4:$P$15,2,FALSE),"") | D324: =IF(C324="",D323,C324) -> 45200 | E324: =IFERROR(VLOOKUP(A324,$H$422:$J$433,3,FALSE),"") | F324: =IF(E324="",F323,E324) -> 45231 | Y324: =Y323+1 -> 45607 | Z324: 404.8 | AA324: =IF(Z324=0,1,0) -> 0 | AB324: =IFERROR(VLOOKUP(Y324,'Geração Equatorial x Medido'!$O$15:$R$27,2,FALSE),"") | AC324: =IF(AB324="",AC323,AB324) -> 45566 | AD324: =IFERROR(VLOOKUP(Y324,$H$422:$J$457,3,FALSE),"") | AE324: =IF(AD324="",AE323,AD324) -> 45597 | AX324: =AX323+1 -> 45967 | AY324: 474.6 | AZ324: =IF(AY324=0,1,0) -> 0 | BA324: =IFERROR(VLOOKUP(AX323,'Geração Equatorial x Medido'!$O$4:$P$55,2,FALSE),"") | BB324: =IF(BA324="",BB325,BA324) -> 45962 | BC324: =IFERROR(VLOOKUP(AX324,$H$422:$J$457,3,FALSE),"") | BD324: =IF(BC324="",BD323,BC324) -> 45962 | BZ324: =BZ323+1 -> 46333 | CB324: =IF(CA324=0,1,0) -> 1 | CC324: =IFERROR(VLOOKUP(BZ323,'Geração Equatorial x Medido'!$O$4:$P$55,2,FALSE),"") | CD324: =IF(CC324="",CD325,CC324) -> 46327 | CE324: =IFERROR(VLOOKUP(BZ324,$H$422:$J$469,3,FALSE),"") | CF324: =IF(CE324="",CF323,CE324) -> 46327
A325: =A324+1 -> 45248 | B325: 443.6 | C325: =IFERROR(VLOOKUP(A325,'Geração Equatorial x Medido'!$O$4:$P$15,2,FALSE),"") | D325: =IF(C325="",D324,C325) -> 45200 | E325: =IFERROR(VLOOKUP(A325,$H$422:$J$433,3,FALSE),"") | F325: =IF(E325="",F324,E325) -> 45231 | Y325: =Y324+1 -> 45608 | Z325: 483.7 | AA325: =IF(Z325=0,1,0) -> 0 | AB325: =IFERROR(VLOOKUP(Y325,'Geração Equatorial x Medido'!$O$15:$R$27,2,FALSE),"") | AC325: =IF(AB325="",AC324,AB325) -> 45566 | AD325: =IFERROR(VLOOKUP(Y325,$H$422:$J$457,3,FALSE),"") | AE325: =IF(AD325="",AE324,AD325) -> 45597 | AX325: =AX324+1 -> 45968 | AY325: 501.3 | AZ325: =IF(AY325=0,1,0) -> 0 | BA325: =IFERROR(VLOOKUP(AX324,'Geração Equatorial x Medido'!$O$4:$P$55,2,FALSE),"") | BB325: =IF(BA325="",BB326,BA325) -> 45962 | BC325: =IFERROR(VLOOKUP(AX325,$H$422:$J$457,3,FALSE),"") | BD325: =IF(BC325="",BD324,BC325) -> 45962 | BZ325: =BZ324+1 -> 46334 | CB325: =IF(CA325=0,1,0) -> 1 | CC325: =IFERROR(VLOOKUP(BZ324,'Geração Equatorial x Medido'!$O$4:$P$55,2,FALSE),"") | CD325: =IF(CC325="",CD326,CC325) -> 46327 | CE325: =IFERROR(VLOOKUP(BZ325,$H$422:$J$469,3,FALSE),"") | CF325: =IF(CE325="",CF324,CE325) -> 46327
A326: =A325+1 -> 45249 | B326: 448.3 | C326: =IFERROR(VLOOKUP(A326,'Geração Equatorial x Medido'!$O$4:$P$15,2,FALSE),"") | D326: =IF(C326="",D325,C326) -> 45200 | E326: =IFERROR(VLOOKUP(A326,$H$422:$J$433,3,FALSE),"") | F326: =IF(E326="",F325,E326) -> 45231 | Y326: =Y325+1 -> 45609 | Z326: 457.4 | AA326: =IF(Z326=0,1,0) -> 0 | AB326: =IFERROR(VLOOKUP(Y326,'Geração Equatorial x Medido'!$O$15:$R$27,2,FALSE),"") | AC326: =IF(AB326="",AC325,AB326) -> 45566 | AD326: =IFERROR(VLOOKUP(Y326,$H$422:$J$457,3,FALSE),"") | AE326: =IF(AD326="",AE325,AD326) -> 45597 | AX326: =AX325+1 -> 45969 | AY326: 496.4 | AZ326: =IF(AY326=0,1,0) -> 0 | BA326: =IFERROR(VLOOKUP(AX325,'Geração Equatorial x Medido'!$O$4:$P$55,2,FALSE),"") | BB326: =IF(BA326="",BB327,BA326) -> 45962 | BC326: =IFERROR(VLOOKUP(AX326,$H$422:$J$457,3,FALSE),"") | BD326: =IF(BC326="",BD325,BC326) -> 45962 | BZ326: =BZ325+1 -> 46335 | CB326: =IF(CA326=0,1,0) -> 1 | CC326: =IFERROR(VLOOKUP(BZ325,'Geração Equatorial x Medido'!$O$4:$P$55,2,FALSE),"") | CD326: =IF(CC326="",CD327,CC326) -> 46327 | CE326: =IFERROR(VLOOKUP(BZ326,$H$422:$J$469,3,FALSE),"") | CF326: =IF(CE326="",CF325,CE326) -> 46327
A327: =A326+1 -> 45250 | B327: 398.1 | C327: =IFERROR(VLOOKUP(A327,'Geração Equatorial x Medido'!$O$4:$P$15,2,FALSE),"") | D327: =IF(C327="",D326,C327) -> 45200 | E327: =IFERROR(VLOOKUP(A327,$H$422:$J$433,3,FALSE),"") | F327: =IF(E327="",F326,E327) -> 45231 | Y327: =Y326+1 -> 45610 | Z327: 491.8 | AA327: =IF(Z327=0,1,0) -> 0 | AB327: =IFERROR(VLOOKUP(Y327,'Geração Equatorial x Medido'!$O$15:$R$27,2,FALSE),"") | AC327: =IF(AB327="",AC326,AB327) -> 45566 | AD327: =IFERROR(VLOOKUP(Y327,$H$422:$J$457,3,FALSE),"") | AE327: =IF(AD327="",AE326,AD327) -> 45597 | AX327: =AX326+1 -> 45970 | AY327: 508.8 | AZ327: =IF(AY327=0,1,0) -> 0 | BA327: =IFERROR(VLOOKUP(AX326,'Geração Equatorial x Medido'!$O$4:$P$55,2,FALSE),"") | BB327: =IF(BA327="",BB328,BA327) -> 45962 | BC327: =IFERROR(VLOOKUP(AX327,$H$422:$J$457,3,FALSE),"") | BD327: =IF(BC327="",BD326,BC327) -> 45962 | BZ327: =BZ326+1 -> 46336 | CB327: =IF(CA327=0,1,0) -> 1 | CC327: =IFERROR(VLOOKUP(BZ326,'Geração Equatorial x Medido'!$O$4:$P$55,2,FALSE),"") | CD327: =IF(CC327="",CD328,CC327) -> 46327 | CE327: =IFERROR(VLOOKUP(BZ327,$H$422:$J$469,3,FALSE),"") | CF327: =IF(CE327="",CF326,CE327) -> 46327
A328: =A327+1 -> 45251 | B328: 470.3 | C328: =IFERROR(VLOOKUP(A328,'Geração Equatorial x Medido'!$O$4:$P$15,2,FALSE),"") | D328: =IF(C328="",D327,C328) -> 45200 | E328: =IFERROR(VLOOKUP(A328,$H$422:$J$433,3,FALSE),"") | F328: =IF(E328="",F327,E328) -> 45231 | Y328: =Y327+1 -> 45611 | Z328: 498.4 | AA328: =IF(Z328=0,1,0) -> 0 | AB328: =IFERROR(VLOOKUP(Y328,'Geração Equatorial x Medido'!$O$15:$R$27,2,FALSE),"") | AC328: =IF(AB328="",AC327,AB328) -> 45566 | AD328: =IFERROR(VLOOKUP(Y328,$H$422:$J$457,3,FALSE),"") | AE328: =IF(AD328="",AE327,AD328) -> 45597 | AX328: =AX327+1 -> 45971 | AY328: 483.2 | AZ328: =IF(AY328=0,1,0) -> 0 | BA328: =IFERROR(VLOOKUP(AX327,'Geração Equatorial x Medido'!$O$4:$P$55,2,FALSE),"") | BB328: =IF(BA328="",BB329,BA328) -> 45962 | BC328: =IFERROR(VLOOKUP(AX328,$H$422:$J$457,3,FALSE),"") | BD328: =IF(BC328="",BD327,BC328) -> 45962 | BZ328: =BZ327+1 -> 46337 | CB328: =IF(CA328=0,1,0) -> 1 | CC328: =IFERROR(VLOOKUP(BZ327,'Geração Equatorial x Medido'!$O$4:$P$55,2,FALSE),"") | CD328: =IF(CC328="",CD329,CC328) -> 46327 | CE328: =IFERROR(VLOOKUP(BZ328,$H$422:$J$469,3,FALSE),"") | CF328: =IF(CE328="",CF327,CE328) -> 46327
A329: =A328+1 -> 45252 | B329: 448.8 | C329: =IFERROR(VLOOKUP(A329,'Geração Equatorial x Medido'!$O$4:$P$15,2,FALSE),"") | D329: =IF(C329="",D328,C329) -> 45200 | E329: =IFERROR(VLOOKUP(A329,$H$422:$J$433,3,FALSE),"") | F329: =IF(E329="",F328,E329) -> 45231 | Y329: =Y328+1 -> 45612 | Z329: 448.1 | AA329: =IF(Z329=0,1,0) -> 0 | AB329: =IFERROR(VLOOKUP(Y329,'Geração Equatorial x Medido'!$O$15:$R$27,2,FALSE),"") | AC329: =IF(AB329="",AC328,AB329) -> 45566 | AD329: =IFERROR(VLOOKUP(Y329,$H$422:$J$457,3,FALSE),"") | AE329: =IF(AD329="",AE328,AD329) -> 45597 | AX329: =AX328+1 -> 45972 | AY329: 501.3 | AZ329: =IF(AY329=0,1,0) -> 0 | BA329: =IFERROR(VLOOKUP(AX328,'Geração Equatorial x Medido'!$O$4:$P$55,2,FALSE),"") | BB329: =IF(BA329="",BB330,BA329) -> 45962 | BC329: =IFERROR(VLOOKUP(AX329,$H$422:$J$457,3,FALSE),"") | BD329: =IF(BC329="",BD328,BC329) -> 45962 | BZ329: =BZ328+1 -> 46338 | CB329: =IF(CA329=0,1,0) -> 1 | CC329: =IFERROR(VLOOKUP(BZ328,'Geração Equatorial x Medido'!$O$4:$P$55,2,FALSE),"") | CD329: =IF(CC329="",CD330,CC329) -> 46327 | CE329: =IFERROR(VLOOKUP(BZ329,$H$422:$J$469,3,FALSE),"") | CF329: =IF(CE329="",CF328,CE329) -> 46327
A330: =A329+1 -> 45253 | B330: 456.3 | C330: =IFERROR(VLOOKUP(A330,'Geração Equatorial x Medido'!$O$4:$P$15,2,FALSE),"") | D330: =IF(C330="",D329,C330) -> 45200 | E330: =IFERROR(VLOOKUP(A330,$H$422:$J$433,3,FALSE),"") | F330: =IF(E330="",F329,E330) -> 45231 | Y330: =Y329+1 -> 45613 | Z330: 456.6 | AA330: =IF(Z330=0,1,0) -> 0 | AB330: =IFERROR(VLOOKUP(Y330,'Geração Equatorial x Medido'!$O$15:$R$27,2,FALSE),"") | AC330: =IF(AB330="",AC329,AB330) -> 45566 | AD330: =IFERROR(VLOOKUP(Y330,$H$422:$J$457,3,FALSE),"") | AE330: =IF(AD330="",AE329,AD330) -> 45597 | AX330: =AX329+1 -> 45973 | AY330: 510.6 | AZ330: =IF(AY330=0,1,0) -> 0 | BA330: =IFERROR(VLOOKUP(AX329,'Geração Equatorial x Medido'!$O$4:$P$55,2,FALSE),"") | BB330: =IF(BA330="",BB331,BA330) -> 45962 | BC330: =IFERROR(VLOOKUP(AX330,$H$422:$J$457,3,FALSE),"") | BD330: =IF(BC330="",BD329,BC330) -> 45962 | BZ330: =BZ329+1 -> 46339 | CB330: =IF(CA330=0,1,0) -> 1 | CC330: =IFERROR(VLOOKUP(BZ329,'Geração Equatorial x Medido'!$O$4:$P$55,2,FALSE),"") | CD330: =IF(CC330="",CD331,CC330) -> 46327 | CE330: =IFERROR(VLOOKUP(BZ330,$H$422:$J$469,3,FALSE),"") | CF330: =IF(CE330="",CF329,CE330) -> 46327
A331: =A330+1 -> 45254 | B331: 490.8 | C331: =IFERROR(VLOOKUP(A331,'Geração Equatorial x Medido'!$O$4:$P$15,2,FALSE),"") | D331: =IF(C331="",D330,C331) -> 45200 | E331: =IFERROR(VLOOKUP(A331,$H$422:$J$433,3,FALSE),"") | F331: =IF(E331="",F330,E331) -> 45231 | Y331: =Y330+1 -> 45614 | Z331: 501.5 | AA331: =IF(Z331=0,1,0) -> 0 | AB331: =IFERROR(VLOOKUP(Y331,'Geração Equatorial x Medido'!$O$15:$R$27,2,FALSE),"") | AC331: =IF(AB331="",AC330,AB331) -> 45566 | AD331: =IFERROR(VLOOKUP(Y331,$H$422:$J$457,3,FALSE),"") | AE331: =IF(AD331="",AE330,AD331) -> 45597 | AX331: =AX330+1 -> 45974 | AY331: 490.6 | AZ331: =IF(AY331=0,1,0) -> 0 | BA331: =IFERROR(VLOOKUP(AX330,'Geração Equatorial x Medido'!$O$4:$P$55,2,FALSE),"") | BB331: =IF(BA331="",BB332,BA331) -> 45962 | BC331: =IFERROR(VLOOKUP(AX331,$H$422:$J$457,3,FALSE),"") | BD331: =IF(BC331="",BD330,BC331) -> 45962 | BZ331: =BZ330+1 -> 46340 | CB331: =IF(CA331=0,1,0) -> 1 | CC331: =IFERROR(VLOOKUP(BZ330,'Geração Equatorial x Medido'!$O$4:$P$55,2,FALSE),"") | CD331: =IF(CC331="",CD332,CC331) -> 46327 | CE331: =IFERROR(VLOOKUP(BZ331,$H$422:$J$469,3,FALSE),"") | CF331: =IF(CE331="",CF330,CE331) -> 46327
A332: =A331+1 -> 45255 | B332: 349.4 | C332: =IFERROR(VLOOKUP(A332,'Geração Equatorial x Medido'!$O$4:$P$15,2,FALSE),"") | D332: =IF(C332="",D331,C332) -> 45200 | E332: =IFERROR(VLOOKUP(A332,$H$422:$J$433,3,FALSE),"") | F332: =IF(E332="",F331,E332) -> 45231 | Y332: =Y331+1 -> 45615 | Z332: 406.4 | AA332: =IF(Z332=0,1,0) -> 0 | AB332: =IFERROR(VLOOKUP(Y332,'Geração Equatorial x Medido'!$O$15:$R$27,2,FALSE),"") | AC332: =IF(AB332="",AC331,AB332) -> 45566 | AD332: =IFERROR(VLOOKUP(Y332,$H$422:$J$457,3,FALSE),"") | AE332: =IF(AD332="",AE331,AD332) -> 45597 | AX332: =AX331+1 -> 45975 | AY332: 506.8 | AZ332: =IF(AY332=0,1,0) -> 0 | BA332: =IFERROR(VLOOKUP(AX331,'Geração Equatorial x Medido'!$O$4:$P$55,2,FALSE),"") | BB332: =IF(BA332="",BB333,BA332) -> 45962 | BC332: =IFERROR(VLOOKUP(AX332,$H$422:$J$457,3,FALSE),"") | BD332: =IF(BC332="",BD331,BC332) -> 45962 | BZ332: =BZ331+1 -> 46341 | CB332: =IF(CA332=0,1,0) -> 1 | CC332: =IFERROR(VLOOKUP(BZ331,'Geração Equatorial x Medido'!$O$4:$P$55,2,FALSE),"") | CD332: =IF(CC332="",CD333,CC332) -> 46327 | CE332: =IFERROR(VLOOKUP(BZ332,$H$422:$J$469,3,FALSE),"") | CF332: =IF(CE332="",CF331,CE332) -> 46327
A333: =A332+1 -> 45256 | B333: 412.7 | C333: =IFERROR(VLOOKUP(A333,'Geração Equatorial x Medido'!$O$4:$P$15,2,FALSE),"") -> 45231 | D333: =IF(C333="",D332,C333) -> 45231 | E333: =IFERROR(VLOOKUP(A333,$H$422:$J$433,3,FALSE),"") | F333: =IF(E333="",F332,E333) -> 45231 | Y333: =Y332+1 -> 45616 | Z333: 480.5 | AA333: =IF(Z333=0,1,0) -> 0 | AB333: =IFERROR(VLOOKUP(Y333,'Geração Equatorial x Medido'!$O$15:$R$27,2,FALSE),"") | AC333: =IF(AB333="",AC332,AB333) -> 45566 | AD333: =IFERROR(VLOOKUP(Y333,$H$422:$J$457,3,FALSE),"") | AE333: =IF(AD333="",AE332,AD333) -> 45597 | AX333: =AX332+1 -> 45976 | AY333: 515.4 | AZ333: =IF(AY333=0,1,0) -> 0 | BA333: =IFERROR(VLOOKUP(AX332,'Geração Equatorial x Medido'!$O$4:$P$55,2,FALSE),"") | BB333: =IF(BA333="",BB334,BA333) -> 45962 | BC333: =IFERROR(VLOOKUP(AX333,$H$422:$J$457,3,FALSE),"") | BD333: =IF(BC333="",BD332,BC333) -> 45962 | BZ333: =BZ332+1 -> 46342 | CB333: =IF(CA333=0,1,0) -> 1 | CC333: =IFERROR(VLOOKUP(BZ332,'Geração Equatorial x Medido'!$O$4:$P$55,2,FALSE),"") | CD333: =IF(CC333="",CD334,CC333) -> 46327 | CE333: =IFERROR(VLOOKUP(BZ333,$H$422:$J$469,3,FALSE),"") | CF333: =IF(CE333="",CF332,CE333) -> 46327
A334: =A333+1 -> 45257 | B334: 439.3 | C334: =IFERROR(VLOOKUP(A334,'Geração Equatorial x Medido'!$O$4:$P$15,2,FALSE),"") | D334: =IF(C334="",D333,C334) -> 45231 | E334: =IFERROR(VLOOKUP(A334,$H$422:$J$433,3,FALSE),"") | F334: =IF(E334="",F333,E334) -> 45231 | Y334: =Y333+1 -> 45617 | Z334: 449.4 | AA334: =IF(Z334=0,1,0) -> 0 | AB334: =IFERROR(VLOOKUP(Y334,'Geração Equatorial x Medido'!$O$15:$R$27,2,FALSE),"") | AC334: =IF(AB334="",AC333,AB334) -> 45566 | AD334: =IFERROR(VLOOKUP(Y334,$H$422:$J$457,3,FALSE),"") | AE334: =IF(AD334="",AE333,AD334) -> 45597 | AX334: =AX333+1 -> 45977 | AY334: 498.9 | AZ334: =IF(AY334=0,1,0) -> 0 | BA334: =IFERROR(VLOOKUP(AX333,'Geração Equatorial x Medido'!$O$4:$P$55,2,FALSE),"") | BB334: =IF(BA334="",BB335,BA334) -> 45962 | BC334: =IFERROR(VLOOKUP(AX334,$H$422:$J$457,3,FALSE),"") | BD334: =IF(BC334="",BD333,BC334) -> 45962 | BZ334: =BZ333+1 -> 46343 | CB334: =IF(CA334=0,1,0) -> 1 | CC334: =IFERROR(VLOOKUP(BZ333,'Geração Equatorial x Medido'!$O$4:$P$55,2,FALSE),"") | CD334: =IF(CC334="",CD335,CC334) -> 46327 | CE334: =IFERROR(VLOOKUP(BZ334,$H$422:$J$469,3,FALSE),"") | CF334: =IF(CE334="",CF333,CE334) -> 46327
... A368: =A367+1 -> 45291 | B368: 245.3 | C368: =IFERROR(VLOOKUP(A368,'Geração Equatorial x Medido'!$O$4:$P$15,2,FALSE),"") | D368: =IF(C368="",D367,C368) -> 45261 | E368: =IFERROR(VLOOKUP(A368,$H$422:$J$433,3,FALSE),"") | F368: =IF(E368="",F367,E368) -> 45261 | Y368: =Y367+1 -> 45651 | Z368: 199.6 | AA368: =IF(Z368=0,1,0) -> 0 | AB368: =IFERROR(VLOOKUP(Y368,'Geração Equatorial x Medido'!$O$15:$R$27,2,FALSE),"") | AC368: =IF(AB368="",AC367,AB368) -> 45627 | AD368: =IFERROR(VLOOKUP(Y368,$H$422:$J$457,3,FALSE),"") | AE368: =IF(AD368="",AE367,AD368) -> 45627 | AX368: =AX367+1 -> 46011 | AY368: 481.1 | AZ368: =IF(AY368=0,1,0) -> 0 | BA368: =IFERROR(VLOOKUP(AX367,'Geração Equatorial x Medido'!$O$4:$P$55,2,FALSE),"") | BB368: =IF(BA368="",BB369,BA368) -> 45992 | BC368: =IFERROR(VLOOKUP(AX368,$H$422:$J$457,3,FALSE),"") | BD368: =IF(BC368="",BD367,BC368) -> 45992 | BZ368: =BZ367+1 -> 46377 | CB368: =IF(CA368=0,1,0) -> 1 | CC368: =IFERROR(VLOOKUP(BZ367,'Geração Equatorial x Medido'!$O$4:$P$55,2,FALSE),"") | CD368: =IF(CC368="",CD369,CC368) -> 46357 | CE368: =IFERROR(VLOOKUP(BZ368,$H$422:$J$469,3,FALSE),"") | CF368: =IF(CE368="",CF367,CE368) -> 46357
A369: Total | B369: =SUM(B4:B368) -> 130338.8 | Y369: =Y368+1 -> 45652 | Z369: 213.4 | AA369: =IF(Z369=0,1,0) -> 0 | AB369: =IFERROR(VLOOKUP(Y369,'Geração Equatorial x Medido'!$O$15:$R$27,2,FALSE),"") | AC369: =IF(AB369="",AC368,AB369) -> 45627 | AD369: =IFERROR(VLOOKUP(Y369,$H$422:$J$457,3,FALSE),"") | AE369: =IF(AD369="",AE368,AD369) -> 45627 | AX369: =AX368+1 -> 46012 | AY369: 322.9 | AZ369: =IF(AY369=0,1,0) -> 0 | BA369: =IFERROR(VLOOKUP(AX368,'Geração Equatorial x Medido'!$O$4:$P$55,2,FALSE),"") | BB369: =IF(BA369="",BB370,BA369) -> 45992 | BC369: =IFERROR(VLOOKUP(AX369,$H$422:$J$457,3,FALSE),"") | BD369: =IF(BC369="",BD368,BC369) -> 45992 | BZ369: =BZ368+1 -> 46378 | CB369: =IF(CA369=0,1,0) -> 1 | CC369: =IFERROR(VLOOKUP(BZ368,'Geração Equatorial x Medido'!$O$4:$P$55,2,FALSE),"") | CD369: =IF(CC369="",CD370,CC369) -> 46357 | CE369: =IFERROR(VLOOKUP(BZ369,$H$422:$J$469,3,FALSE),"") | CF369: =IF(CE369="",CF368,CE369) -> 46357
B370: =MAX(B4:B368) -> 620 | G370: 620 | Y370: =Y369+1 -> 45653 | Z370: 221.4 | AA370: =IF(Z370=0,1,0) -> 0 | AB370: =IFERROR(VLOOKUP(Y370,'Geração Equatorial x Medido'!$O$15:$R$27,2,FALSE),"") | AC370: =IF(AB370="",AC369,AB370) -> 45627 | AD370: =IFERROR(VLOOKUP(Y370,$H$422:$J$457,3,FALSE),"") | AE370: =IF(AD370="",AE369,AD370) -> 45627 | AX370: =AX369+1 -> 46013 | AY370: 153.7 | AZ370: =IF(AY370=0,1,0) -> 0 | BA370: =IFERROR(VLOOKUP(AX369,'Geração Equatorial x Medido'!$O$4:$P$55,2,FALSE),"") | BB370: =IF(BA370="",BB371,BA370) -> 45992 | BC370: =IFERROR(VLOOKUP(AX370,$H$422:$J$457,3,FALSE),"") | BD370: =IF(BC370="",BD369,BC370) -> 45992 | BZ370: =BZ369+1 -> 46379 | CB370: =IF(CA370=0,1,0) -> 1 | CC370: =IFERROR(VLOOKUP(BZ369,'Geração Equatorial x Medido'!$O$4:$P$55,2,FALSE),"") | CD370: =IF(CC370="",CD371,CC370) -> 46357 | CE370: =IFERROR(VLOOKUP(BZ370,$H$422:$J$469,3,FALSE),"") | CF370: =IF(CE370="",CF369,CE370) -> 46357
Y371: =Y370+1 -> 45654 | Z371: 395.8 | AA371: =IF(Z371=0,1,0) -> 0 | AB371: =IFERROR(VLOOKUP(Y371,'Geração Equatorial x Medido'!$O$15:$R$27,2,FALSE),"") | AC371: =IF(AB371="",AC370,AB371) -> 45627 | AD371: =IFERROR(VLOOKUP(Y371,$H$422:$J$457,3,FALSE),"") | AE371: =IF(AD371="",AE370,AD371) -> 45627 | AX371: =AX370+1 -> 46014 | AY371: 435.7 | AZ371: =IF(AY371=0,1,0) -> 0 | BA371: =IFERROR(VLOOKUP(AX370,'Geração Equatorial x Medido'!$O$4:$P$55,2,FALSE),"") | BB371: =IF(BA371="",BB372,BA371) -> 45992 | BC371: =IFERROR(VLOOKUP(AX371,$H$422:$J$457,3,FALSE),"") | BD371: =IF(BC371="",BD370,BC371) -> 45992 | BZ371: =BZ370+1 -> 46380 | CB371: =IF(CA371=0,1,0) -> 1 | CC371: =IFERROR(VLOOKUP(BZ370,'Geração Equatorial x Medido'!$O$4:$P$55,2,FALSE),"") | CD371: =IF(CC371="",CD372,CC371) -> 46357 | CE371: =IFERROR(VLOOKUP(BZ371,$H$422:$J$469,3,FALSE),"") | CF371: =IF(CE371="",CF370,CE371) -> 46357
Y372: =Y371+1 -> 45655 | Z372: 483.7 | AA372: =IF(Z372=0,1,0) -> 0 | AB372: =IFERROR(VLOOKUP(Y372,'Geração Equatorial x Medido'!$O$15:$R$27,2,FALSE),"") | AC372: =IF(AB372="",AC371,AB372) -> 45627 | AD372: =IFERROR(VLOOKUP(Y372,$H$422:$J$457,3,FALSE),"") | AE372: =IF(AD372="",AE371,AD372) -> 45627 | AX372: =AX371+1 -> 46015 | AY372: 491.5 | AZ372: =IF(AY372=0,1,0) -> 0 | BA372: =IFERROR(VLOOKUP(AX371,'Geração Equatorial x Medido'!$O$4:$P$55,2,FALSE),"") | BB372: =IF(BA372="",BB373,BA372) -> 45992 | BC372: =IFERROR(VLOOKUP(AX372,$H$422:$J$457,3,FALSE),"") | BD372: =IF(BC372="",BD371,BC372) -> 45992 | BZ372: =BZ371+1 -> 46381 | CB372: =IF(CA372=0,1,0) -> 1 | CC372: =IFERROR(VLOOKUP(BZ371,'Geração Equatorial x Medido'!$O$4:$P$55,2,FALSE),"") | CD372: =IF(CC372="",CD373,CC372) -> 46357 | CE372: =IFERROR(VLOOKUP(BZ372,$H$422:$J$469,3,FALSE),"") | CF372: =IF(CE372="",CF371,CE372) -> 46357
Y373: =Y372+1 -> 45656 | Z373: 482.2 | AA373: =IF(Z373=0,1,0) -> 0 | AB373: =IFERROR(VLOOKUP(Y373,'Geração Equatorial x Medido'!$O$15:$R$27,2,FALSE),"") | AC373: =IF(AB373="",AC372,AB373) -> 45627 | AD373: =IFERROR(VLOOKUP(Y373,$H$422:$J$457,3,FALSE),"") | AE373: =IF(AD373="",AE372,AD373) -> 45627 | AX373: =AX372+1 -> 46016 | AY373: 185.1 | AZ373: =IF(AY373=0,1,0) -> 0 | BA373: =IFERROR(VLOOKUP(AX372,'Geração Equatorial x Medido'!$O$4:$P$55,2,FALSE),"") | BB373: =IF(BA373="",BB374,BA373) -> 45992 | BC373: =IFERROR(VLOOKUP(AX373,$H$422:$J$457,3,FALSE),"") | BD373: =IF(BC373="",BD372,BC373) -> 45992 | BZ373: =BZ372+1 -> 46382 | CB373: =IF(CA373=0,1,0) -> 1 | CC373: =IFERROR(VLOOKUP(BZ372,'Geração Equatorial x Medido'!$O$4:$P$55,2,FALSE),"") | CD373: =IF(CC373="",CD374,CC373) -> 46357 | CE373: =IFERROR(VLOOKUP(BZ373,$H$422:$J$469,3,FALSE),"") | CF373: =IF(CE373="",CF372,CE373) -> 46357
Y374: =Y373+1 -> 45657 | Z374: 477.9 | AA374: =IF(Z374=0,1,0) -> 0 | AB374: =IFERROR(VLOOKUP(Y374,'Geração Equatorial x Medido'!$O$15:$R$27,2,FALSE),"") | AC374: =IF(AB374="",AC373,AB374) -> 45627 | AD374: =IFERROR(VLOOKUP(Y374,$H$422:$J$457,3,FALSE),"") | AE374: =IF(AD374="",AE373,AD374) -> 45627 | AX374: =AX373+1 -> 46017 | AY374: 203.7 | AZ374: =IF(AY374=0,1,0) -> 0 | BA374: =IFERROR(VLOOKUP(AX373,'Geração Equatorial x Medido'!$O$4:$P$55,2,FALSE),"") | BB374: =IF(BA374="",BB375,BA374) -> 45992 | BC374: =IFERROR(VLOOKUP(AX374,$H$422:$J$457,3,FALSE),"") | BD374: =IF(BC374="",BD373,BC374) -> 45992 | BZ374: =BZ373+1 -> 46383 | CB374: =IF(CA374=0,1,0) -> 1 | CC374: =IFERROR(VLOOKUP(BZ373,'Geração Equatorial x Medido'!$O$4:$P$55,2,FALSE),"") | CD374: =IF(CC374="",CD375,CC374) -> 46357 | CE374: =IFERROR(VLOOKUP(BZ374,$H$422:$J$469,3,FALSE),"") | CF374: =IF(CE374="",CF373,CE374) -> 46357
Y375: Total | Z375: =SUM(Z9:Z374) -> 163138.4 | AX375: =AX374+1 -> 46018 | AY375: 179.4 | BA375: =IFERROR(VLOOKUP(AX374,'Geração Equatorial x Medido'!$O$4:$P$55,2,FALSE),"") | BB375: =IF(BA375="",BB376,BA375) -> 45992 | BC375: =IFERROR(VLOOKUP(AX375,$H$422:$J$457,3,FALSE),"") | BD375: =IF(BC375="",BD374,BC375) -> 45992 | BZ375: =BZ374+1 -> 46384 | CB375: =IF(CA375=0,1,0) -> 1 | CC375: =IFERROR(VLOOKUP(BZ374,'Geração Equatorial x Medido'!$O$4:$P$55,2,FALSE),"") -> 46357 | CD375: =IF(CC375="",CD376,CC375) -> 46357 | CE375: =IFERROR(VLOOKUP(BZ375,$H$422:$J$469,3,FALSE),"") | CF375: =IF(CE375="",CF374,CE375) -> 46357
AX376: =AX375+1 -> 46019 | AY376: 197.9 | BA376: =IFERROR(VLOOKUP(AX375,'Geração Equatorial x Medido'!$O$4:$P$55,2,FALSE),"") -> 45992 | BB376: =IF(BA376="",BB377,BA376) -> 45992 | BC376: =IFERROR(VLOOKUP(AX376,$H$422:$J$457,3,FALSE),"") | BD376: =IF(BC376="",BD375,BC376) -> 45992 | BZ376: =BZ375+1 -> 46385 | CB376: =IF(CA376=0,1,0) -> 1 | CC376: =IFERROR(VLOOKUP(BZ375,'Geração Equatorial x Medido'!$O$4:$P$55,2,FALSE),"") | CD376: =IF(CC376="",CD377,CC376) -> 0 | CE376: =IFERROR(VLOOKUP(BZ376,$H$422:$J$469,3,FALSE),"") | CF376: =IF(CE376="",CF375,CE376) -> 46357
AX377: =AX376+1 -> 46020 | AY377: 204.5 | BA377: =IFERROR(VLOOKUP(AX376,'Geração Equatorial x Medido'!$O$4:$P$55,2,FALSE),"") | BB377: =IF(BA377="",BB378,BA377) -> 0 | BC377: =IFERROR(VLOOKUP(AX377,$H$422:$J$457,3,FALSE),"") | BD377: =IF(BC377="",BD376,BC377) -> 45992 | BZ377: =BZ376+1 -> 46386 | CB377: =IF(CA377=0,1,0) -> 1 | CC377: =IFERROR(VLOOKUP(BZ376,'Geração Equatorial x Medido'!$O$4:$P$55,2,FALSE),"") | CD377: =IF(CC377="",CD378,CC377) -> 0 | CE377: =IFERROR(VLOOKUP(BZ377,$H$422:$J$469,3,FALSE),"") | CF377: =IF(CE377="",CF376,CE377) -> 46357
AX378: =AX377+1 -> 46021 | AY378: 187.8 | BA378: =IFERROR(VLOOKUP(AX377,'Geração Equatorial x Medido'!$O$4:$P$55,2,FALSE),"") | BB378: =IF(BA378="",BB379,BA378) -> 0 | BC378: =IFERROR(VLOOKUP(AX378,$H$422:$J$457,3,FALSE),"") | BD378: =IF(BC378="",BD377,BC378) -> 45992 | BZ378: =BZ377+1 -> 46387 | CB378: =IF(CA378=0,1,0) -> 1 | CC378: =IFERROR(VLOOKUP(BZ377,'Geração Equatorial x Medido'!$O$4:$P$55,2,FALSE),"") | CD378: =IF(CC378="",CD379,CC378) -> 0 | CE378: =IFERROR(VLOOKUP(BZ378,$H$422:$J$469,3,FALSE),"") | CF378: =IF(CE378="",CF377,CE378) -> 46357
H379: Geração de eletricidade de acrodo com Fatura de energia | AX379: =AX378+1 -> 46022 | AY379: 179.7 | BA379: =IFERROR(VLOOKUP(AX378,'Geração Equatorial x Medido'!$O$4:$P$55,2,FALSE),"") | BB379: =IF(BA379="",BB380,BA379) -> 0 | BC379: =IFERROR(VLOOKUP(AX379,$H$422:$J$457,3,FALSE),"") | BD379: =IF(BC379="",BD378,BC379) -> 45992 | BZ379: Total | CA379: =SUM(CA4:CA378) -> 40140.4 | CC379: =IFERROR(VLOOKUP(BZ378,'Geração Equatorial x Medido'!$O$4:$P$55,2,FALSE),"") | CE379: =IFERROR(VLOOKUP(BZ379,$H$422:$J$469,3,FALSE),"")
H380: Leitura Anterior | I380: Leitura Atual | J380: Próxima Leitura | K380: Dias | L380: Conta Mês Mês de competência | M380: Geração | N380: Geração Sistema | O380: Diferença | P380: Dias s/ Medição | Q380: Erro de leitura | AX380: Total | AY380: =SUM(AY15:AY379) -> 160645.6
H381: 44963 | I381: 44979 | J381: 45008 | K381: =I381-H381 -> 16 | L381: 44958 | M381: 7108 | N381: =SUMIF($D:$D,L381,$B:$B) -> 11424.2 | O381: =M381-N381 -> -4316.2 | P381: =COUNTIFS($B:$B,0,$D:$D,L381) -> 0 | Q381: =O381/M381 -> -0.60723129
H382: =I381 -> 44979 | I382: =J381 -> 45008 | J382: 45041 | K382: =I382-H382 -> 29 | L382: 44986 | M382: 11217 | N382: =SUMIF($D:$D,L382,$B:$B) -> 6424.6 | O382: =M382-N382 -> 4792.4 | P382: =COUNTIFS($B:$B,0,$D:$D,L382) -> 15 | Q382: =O382/M382 -> 0.42724436
H383: =I382 -> 45008 | I383: =J382 -> 45041 | J383: 45072 | K383: =I383-H383 -> 33 | L383: 45017 | M383: 15708 | N383: =SUMIF($D:$D,L383,$B:$B) -> 13763.3 | O383: =M383-N383 -> 1944.7 | P383: =COUNTIFS($B:$B,0,$D:$D,L383) -> 0 | Q383: =O383/M383 -> 0.12380316
H384: =I383 -> 45041 | I384: =J383 -> 45072 | J384: 45103 | K384: =I384-H384 -> 31 | L384: 45047 | M384: 14328 | N384: =SUMIF($D:$D,L384,$B:$B) -> 14187.1 | O384: =M384-N384 -> 140.9 | P384: =COUNTIFS($B:$B,0,$D:$D,L384) -> 0 | Q384: =O384/M384 -> 0.0098338917
...

Sheet USINA 02 - Barreirinhas
A2: Histórico de geração - SPE 2 (2023) | Y2: Histórico de geração - SPE 2 (2024) | AX2: Histórico de geração - SPE 2 (2025) | BZ2: Histórico de geração - SPE 2 (2026)
A3: Dia | B3: Geração de energia diária (inversor)(kWh) | C3: Período Equatorial | D3: Referência | E3: A | F3: B | Y3: Dia | Z3: Geração de energia diária (inversor)(kWh) | AA3: sem geração | AB3: Período Equatorial | AC3: Referência | AD3: A | AE3: B | AX3: Dia | AY3: Geração de energia diária (inversor)(kWh) | AZ3: Dias sem gesração | BA3: Período Equatorial | BB3: Referência | BC3: A | BD3: B | BZ3: Dia | CA3: Geração de energia diária (inversor)(kWh) | CB3: Dias sem gesração | CC3: Período Equatorial | CD3: Referência | CE3: A | CF3: B
A4: 44927 | C4: =IFERROR(VLOOKUP(A3,$H$381:$N$415,5,FALSE),"") | D4: 44927 | E4: =IFERROR(VLOOKUP(A4,$H$422:$J$433,3,FALSE),"") -> 44927 | F4: 44927 | H4: Descrição | I4: 44927 | J4: 44958 | K4: 44986 | L4: 45017 | M4: 45047 | N4: 45078 | O4: 45108 | P4: 45139 | Q4: 45170 | R4: 45200 | S4: 45231 | T4: 45261 | U4: Total | Y4: =A364 -> 45287 | AB4: 45261 | AC4: 45261 | AD4: =IFERROR(VLOOKUP(Y4,$H$422:$J$457,3,FALSE),"") | AG4: Descrição | AH4: 45292 | AI4: 45323 | AJ4: 45352 | AK4: 45383 | AL4: 45413 | AM4: 45444 | AN4: 45474 | AO4: 45505 | AP4: 45536 | AQ4: 45566 | AR4: 45597 | AS4: 45627 | AT4: Total | AX4: =Y364 -> 45647 | AY4: 524.5 | AZ4: =IF(AY4=0,1,0) -> 0 | BA4: =IFERROR(VLOOKUP(AX3,'Geração Equatorial x Medido'!$O$56:$P$98,2,FALSE),"") | BB4: 45627 | BC4: =IFERROR(VLOOKUP(AX4,$H$422:$J$457,3,FALSE),"") | BF4: Descrição | BG4: 45658 | BH4: 45689 | BI4: 45717 | BJ4: 45748 | BK4: 45778 | BL4: 45809 | BM4: 45839 | BN4: 45870 | BO4: 45901 | BP4: 45931 | BQ4: 45962 | BR4: 45992 | BS4: Total | BZ4: =AX369+1 -> 46013 | CA4: =AY370 -> 151.7 | CB4: =IF(CA4=0,1,0) -> 0 | CC4: =IFERROR(VLOOKUP(BZ3,'Geração Equatorial x Medido'!$O$56:$P$97,2,FALSE),"") | CD4: 45992 | CE4: =IFERROR(VLOOKUP(BZ4,$H$422:$J$469,3,FALSE),"") | CH4: Descrição | CI4: 46023 | CJ4: 46054 | CK4: 46082 | CL4: 46113 | CM4: 46143 | CN4: 46174 | CO4: 46204 | CP4: 46235 | CQ4: 46266 | CR4: 46296 | CS4: 46327 | CT4: 46357 | CU4: Total
A5: =A4+1 -> 44928 | C5: =IFERROR(VLOOKUP(A4,$H$381:$N$415,5,FALSE),"") | D5: =IF(C5="",D4,C5) -> 44927 | E5: =IFERROR(VLOOKUP(A5,$H$422:$J$433,3,FALSE),"") | F5: =IF(E5="",F4,E5) -> 44927 | H5: Somado da tabela (kWh) | I5: =SUMIF($F:$F,I4,$B:$B) -> 0 | J5: =SUMIF($F:$F,J4,$B:$B) -> 0 | K5: =SUMIF($F:$F,K4,$B:$B) -> 0 | L5: =SUMIF($F:$F,L4,$B:$B) -> 0 | M5: =SUMIF($F:$F,M4,$B:$B) -> 0 | N5: =SUMIF($F:$F,N4,$B:$B) -> 0 | O5: =SUMIF($F:$F,O4,$B:$B) -> 0 | P5: =SUMIF($F:$F,P4,$B:$B) -> 0 | ... T5: =SUMIF($F:$F,T4,$B:$B) -> 0 | U5: =SUM($I$5:$T$5) -> 0 | Y5: =Y4+1 -> 45288 | AB5: =IFERROR(VLOOKUP(Y5,'Geração Equatorial x Medido'!$O$56:$P$71,2,FALSE),"") | AC5: =IF(AB5="",AC4,AB5) -> 45261 | AD5: =IFERROR(VLOOKUP(Y5,$H$422:$J$457,3,FALSE),"") | AG5: Somado da tabela (kWh) | AH5: =SUMIF($AE:$AE,AH4,$Z:$Z) -> 11968.3 | AI5: =SUMIF($AE:$AE,AI4,$Z:$Z) -> 11816 | AJ5: =SUMIF($AE:$AE,AJ4,$Z:$Z) -> 13142.6 | AK5: =SUMIF($AE:$AE,AK4,$Z:$Z) -> 12696.7 | AL5: =SUMIF($AE:$AE,AL4,$Z:$Z) -> 14678.8 | AM5: =SUMIF($AE:$AE,AM4,$Z:$Z) -> 14329.2 | AN5: =SUMIF($AE:$AE,AN4,$Z:$Z) -> 16065.3 | AO5: =SUMIF($AE:$AE,AO4,$Z:$Z) -> 17159.6 | ... AS5: =SUMIF($AE:$AE,AS4,$Z:$Z) -> 12577.5 | AT5: =SUM(AH5:AS5) -> 170064.5 | AU5: =AT5/12 -> 14172.042 | AX5: =AX4+1 -> 45648 | AY5: 506.9 | AZ5: =IF(AY5=0,1,0) -> 0 | BA5: =IFERROR(VLOOKUP(AX4,'Geração Equatorial x Medido'!$O$56:$P$98,2,FALSE),"") | BB5: =IF(BA5="",BB6,BA5) -> 45627 | BC5: =IFERROR(VLOOKUP(AX5,$H$422:$J$457,3,FALSE),"") | BF5: Somado da tabela (kWh) | BG5: =SUMIF($BD:$BD,BG4,$AY:$AY) -> 13186.3 | BH5: =SUMIF($BD:$BD,BH4,$AY:$AY) -> 10613.1 | BI5: =SUMIF($BD:$BD,BI4,$AY:$AY) -> 13530.5 | BJ5: =SUMIF($BD:$BD,BJ4,$AY:$AY) -> 13883.2 | BK5: =SUMIF($BD:$BD,BK4,$AY:$AY) -> 14553.5 | BL5: =SUMIF($BD:$BD,BL4,$AY:$AY) -> 14505.4 | BM5: =SUMIF($BD:$BD,BM4,$AY:$AY) -> 15599.2 | BN5: =SUMIF($BD:$BD,BN4,$AY:$AY) -> 16530.7 | ... BR5: =SUMIF($BD:$BD,BR4,$AY:$AY) -> 13793 | BS5: =SUM(BG5:BR5) -> 175336.2 | BZ5: =BZ4+1 -> 46014 | CA5: =AY371 -> 450.7 | CB5: =IF(CA5=0,1,0) -> 0 | CC5: =IFERROR(VLOOKUP(BZ4,'Geração Equatorial x Medido'!$O$56:$P$97,2,FALSE),"") | CD5: =IF(CC5="",CD4,CC5) -> 45992 | CE5: =IFERROR(VLOOKUP(BZ5,$H$422:$J$469,3,FALSE),"") | CH5: Somado da tabela (kWh) | CI5: =SUMIF($CF:$CF,CI4,$CA:$CA) -> 14337.7 | CJ5: =SUMIF($CF:$CF,CJ4,$CA:$CA) -> 12753 | CK5: =SUMIF($CF:$CF,CK4,$CA:$CA) -> 12856.3 | CL5: =SUMIF($CF:$CF,CL4,$CA:$CA) -> 2063.4 | CM5: =SUMIF($CF:$CF,CM4,$CA:$CA) -> 0 | CN5: =SUMIF($CF:$CF,CN4,$CA:$CA) -> 0 | CO5: =SUMIF($CF:$CF,CO4,$CA:$CA) -> 0 | CP5: =SUMIF($CF:$CF,CP4,$CA:$CA) -> 0 | ... CT5: =SUMIF($CF:$CF,CT4,$CA:$CA) -> 0 | CU5: =SUM(CI5:CT5) -> 42010.4
A6: =A5+1 -> 44929 | C6: =IFERROR(VLOOKUP(A5,$H$381:$N$415,5,FALSE),"") | D6: =IF(C6="",D5,C6) -> 44927 | E6: =IFERROR(VLOOKUP(A6,$H$422:$J$433,3,FALSE),"") | F6: =IF(E6="",F5,E6) -> 44927 | H6: Supervisório (kWh) | U6: =SUM(I6:T6) -> 0 | Y6: =Y5+1 -> 45289 | AB6: =IFERROR(VLOOKUP(Y6,'Geração Equatorial x Medido'!$O$56:$P$71,2,FALSE),"") | AC6: =IF(AB6="",AC5,AB6) -> 45261 | AD6: =IFERROR(VLOOKUP(Y6,$H$422:$J$457,3,FALSE),"") | AG6: Supervisório (kWh) | AH6: 11968.3 | AI6: 11816 | AJ6: 13142.6 | AK6: 12696.7 | AL6: 14678.8 | AM6: 14329.2 | AN6: 16065.3 | AO6: 17159.6 | AP6: 16824 | AQ6: 15913.8 | AR6: 12892.7 | AS6: 12577.5 | AT6: =SUM(AH6:AS6) -> 170064.5 | AX6: =AX5+1 -> 45649 | AY6: 519.8 | AZ6: =IF(AY6=0,1,0) -> 0 | BA6: =IFERROR(VLOOKUP(AX5,'Geração Equatorial x Medido'!$O$56:$P$98,2,FALSE),"") | BB6: =IF(BA6="",BB7,BA6) -> 45627 | BC6: =IFERROR(VLOOKUP(AX6,$H$422:$J$457,3,FALSE),"") | BF6: Supervisório (kWh) | BG6: 13186.3 | BH6: 10613.1 | BI6: 13530.6 | BJ6: 13883.2 | BK6: 14553.5 | BL6: 14505.4 | BM6: 15599.2 | BN6: 16530.7 | BO6: 16429.6 | BP6: 17094.7 | BQ6: 15617 | BR6: 13793 | BS6: =SUM(BG6:BR6) -> 175336.3 | BZ6: =BZ5+1 -> 46015 | CA6: =AY372 -> 522.3 | CB6: =IF(CA6=0,1,0) -> 0 | CC6: =IFERROR(VLOOKUP(BZ5,'Geração Equatorial x Medido'!$O$56:$P$97,2,FALSE),"") | CD6: =IF(CC6="",CD5,CC6) -> 45992 | CE6: =IFERROR(VLOOKUP(BZ6,$H$422:$J$469,3,FALSE),"") | CH6: Supervisório (kWh) | CI6: 14337.7 | CJ6: 12753 | CK6: 12856.3 | CU6: =SUM(CI6:CT6) -> 39947
A7: =A6+1 -> 44930 | C7: =IFERROR(VLOOKUP(A6,$H$381:$N$415,5,FALSE),"") | D7: =IF(C7="",D6,C7) -> 44927 | E7: =IFERROR(VLOOKUP(A7,$H$422:$J$433,3,FALSE),"") | F7: =IF(E7="",F6,E7) -> 44927 | H7: Diferença (kWh) | I7: =I5-I6 -> 0 | J7: =J5-J6 -> 0 | K7: =K5-K6 -> 0 | L7: =L5-L6 -> 0 | M7: =M5-M6 -> 0 | N7: =N5-N6 -> 0 | O7: =O5-O6 -> 0 | P7: =P5-P6 -> 0 | ... T7: =T5-T6 -> 0 | U7: =SUM(I7:T7) -> 0 | Y7: =Y6+1 -> 45290 | AB7: =IFERROR(VLOOKUP(Y7,'Geração Equatorial x Medido'!$O$56:$P$71,2,FALSE),"") | AC7: =IF(AB7="",AC6,AB7) -> 45261 | AD7: =IFERROR(VLOOKUP(Y7,$H$422:$J$457,3,FALSE),"") | AG7: Diferença (kWh) | AH7: =AH5-AH6 -> 0 | AI7: =AI5-AI6 -> 0 | AJ7: =AJ5-AJ6 -> 0 | AK7: =AK5-AK6 -> 0 | AL7: =AL5-AL6 -> 0 | AM7: =AM5-AM6 -> 0 | AN7: =AN5-AN6 -> 0 | AO7: =AO5-AO6 -> 0 | ... AS7: =AS5-AS6 -> 0 | AT7: =SUM(AH7:AS7) -> 0 | AX7: =AX6+1 -> 45650 | AY7: 404.1 | AZ7: =IF(AY7=0,1,0) -> 0 | BA7: =IFERROR(VLOOKUP(AX6,'Geração Equatorial x Medido'!$O$56:$P$98,2,FALSE),"") | BB7: =IF(BA7="",BB8,BA7) -> 45627 | BC7: =IFERROR(VLOOKUP(AX7,$H$422:$J$457,3,FALSE),"") | BF7: Diferença (kWh) | BG7: =BG5-BG6 -> 0 | BH7: =BH5-BH6 -> 0 | BI7: =BI5-BI6 -> -0.1 | BJ7: =BJ5-BJ6 -> 0 | BK7: =BK5-BK6 -> 0 | BL7: =BL5-BL6 -> 0 | BM7: =BM5-BM6 -> 0 | BN7: =BN5-BN6 -> 0 | ... BR7: =BR5-BR6 -> 0 | BS7: =SUM(BG7:BR7) -> -0.1 | BZ7: =BZ6+1 -> 46016 | CA7: =AY373 -> 438.2 | CB7: =IF(CA7=0,1,0) -> 0 | CC7: =IFERROR(VLOOKUP(BZ6,'Geração Equatorial x Medido'!$O$56:$P$97,2,FALSE),"") | CD7: =IF(CC7="",CD6,CC7) -> 45992 | CE7: =IFERROR(VLOOKUP(BZ7,$H$422:$J$469,3,FALSE),"") | CH7: Diferença (kWh) | CI7: =CI5-CI6 -> 0 | CJ7: =CJ5-CJ6 -> 0 | CK7: =CK5-CK6 -> 0 | CL7: =CL5-CL6 -> 2063.4 | CM7: =CM5-CM6 -> 0 | CN7: =CN5-CN6 -> 0 | CO7: =CO5-CO6 -> 0 | CP7: =CP5-CP6 -> 0 | ... CT7: =CT5-CT6 -> 0 | CU7: =SUM(CI7:CT7) -> 2063.4
A8: =A7+1 -> 44931 | C8: =IFERROR(VLOOKUP(A7,$H$381:$N$415,5,FALSE),"") | D8: =IF(C8="",D7,C8) -> 44927 | E8: =IFERROR(VLOOKUP(A8,$H$422:$J$433,3,FALSE),"") | F8: =IF(E8="",F7,E8) -> 44927 | H8: Média mensal (kWh/mês) | I8: =AVERAGEIF($F:$F,I4,$B:$B) -> #DIV/0! | J8: =AVERAGEIF($F:$F,J4,$B:$B) -> #DIV/0! | K8: =AVERAGEIF($F:$F,K4,$B:$B) -> #DIV/0! | L8: =AVERAGEIF($F:$F,L4,$B:$B) -> #DIV/0! | M8: =AVERAGEIF($F:$F,M4,$B:$B) -> #DIV/0! | N8: =AVERAGEIF($F:$F,N4,$B:$B) -> #DIV/0! | O8: =AVERAGEIF($F:$F,O4,$B:$B) -> #DIV/0! | P8: =AVERAGEIF($F:$F,P4,$B:$B) -> #DIV/0! | ... T8: =AVERAGEIF($F:$F,T4,$B:$B) -> #DIV/0! | U8: =AVERAGE(B4:B368) -> #DIV/0! | Y8: =Y7+1 -> 45291 | AB8: =IFERROR(VLOOKUP(Y8,'Geração Equatorial x Medido'!$O$56:$P$71,2,FALSE),"") | AC8: =IF(AB8="",AC7,AB8) -> 45261 | AD8: =IFERROR(VLOOKUP(Y8,$H$422:$J$457,3,FALSE),"") | AG8: Média mensal (kWh/mês) | AH8: =AVERAGEIF($AE:$AE,AH4,$Z:$Z) -> 398.94333 | AI8: =AVERAGEIF($AE:$AE,AI4,$Z:$Z) -> 407.44828 | AJ8: =AVERAGEIF($AE:$AE,AJ4,$Z:$Z) -> 423.95484 | AK8: =AVERAGEIF($AE:$AE,AK4,$Z:$Z) -> 423.22333 | AL8: =AVERAGEIF($AE:$AE,AL4,$Z:$Z) -> 473.50968 | AM8: =AVERAGEIF($AE:$AE,AM4,$Z:$Z) -> 477.64 | AN8: =AVERAGEIF($AE:$AE,AN4,$Z:$Z) -> 518.23548 | AO8: =AVERAGEIF($AE:$AE,AO4,$Z:$Z) -> 553.53548 | ... AS8: =AVERAGEIF($AE:$AE,AS4,$Z:$Z) -> 405.72581 | AT8: =AVERAGE(Z9:Z374) -> 465.93014 | AX8: =AX7+1 -> 45651 | AY8: 474 | AZ8: =IF(AY8=0,1,0) -> 0 | BA8: =IFERROR(VLOOKUP(AX7,'Geração Equatorial x Medido'!$O$56:$P$98,2,FALSE),"") | BB8: =IF(BA8="",BB9,BA8) -> 45627 | BC8: =IFERROR(VLOOKUP(AX8,$H$422:$J$457,3,FALSE),"") | BF8: Média mensal (kWh/mês) | BG8: =AVERAGEIF($BD:$BD,BG4,$AY:$AY) -> 425.36452 | BH8: =AVERAGEIF($BD:$BD,BH4,$AY:$AY) -> 379.03929 | BI8: =AVERAGEIF($BD:$BD,BI4,$AY:$AY) -> 436.46774 | BJ8: =AVERAGEIF($BD:$BD,BJ4,$AY:$AY) -> 462.77333 | BK8: =AVERAGEIF($BD:$BD,BK4,$AY:$AY) -> 469.46774 | BL8: =AVERAGEIF($BD:$BD,BL4,$AY:$AY) -> 483.51333 | BM8: =AVERAGEIF($BD:$BD,BM4,$AY:$AY) -> 503.2 | BN8: =AVERAGEIF($BD:$BD,BN4,$AY:$AY) -> 533.24839 | ... BR8: =AVERAGEIF($BD:$BD,BR4,$AY:$AY) -> 444.93548 | BS8: =AVERAGE(AY15:AY379) -> 480.37315 | BZ8: =BZ7+1 -> 46017 | CA8: =AY374 -> 501.6 | CB8: =IF(CA8=0,1,0) -> 0 | CC8: =IFERROR(VLOOKUP(BZ7,'Geração Equatorial x Medido'!$O$56:$P$97,2,FALSE),"") | CD8: =IF(CC8="",CD7,CC8) -> 45992 | CE8: =IFERROR(VLOOKUP(BZ8,$H$422:$J$469,3,FALSE),"") | CH8: Média diária (kWh/mês) | CI8: =AVERAGEIF($CF:$CF,CI4,$CA:$CA) -> 462.50645 | CJ8: =AVERAGEIF($CF:$CF,CJ4,$CA:$CA) -> 455.46429 | CK8: =AVERAGEIF($CF:$CF,CK4,$CA:$CA) -> 414.71935 | CL8: =AVERAGEIF($CF:$CF,CL4,$CA:$CA) -> 412.68 | CM8: =AVERAGEIF($CF:$CF,CM4,$CA:$CA) -> #DIV/0! | CN8: =AVERAGEIF($CF:$CF,CN4,$CA:$CA) -> #DIV/0! | CO8: =AVERAGEIF($CF:$CF,CO4,$CA:$CA) -> #DIV/0! | CP8: =AVERAGEIF($CF:$CF,CP4,$CA:$CA) -> #DIV/0! | ... CT8: =AVERAGEIF($CF:$CF,CT4,$CA:$CA) -> #DIV/0! | CU8: =AVERAGE(CA14:CA378) -> 442.21474
A9: =A8+1 -> 44932 | C9: =IFERROR(VLOOKUP(A8,$H$381:$N$415,5,FALSE),"") | D9: =IF(C9="",D8,C9) -> 44927 | E9: =IFERROR(VLOOKUP(A9,$H$422:$J$433,3,FALSE),"") | F9: =IF(E9="",F8,E9) -> 44927 | Y9: =Y8+1 -> 45292 | AB9: =IFERROR(VLOOKUP(Y9,'Geração Equatorial x Medido'!$O$56:$P$71,2,FALSE),"") | AC9: =IF(AB9="",AC8,AB9) -> 45261 | AD9: =IFERROR(VLOOKUP(Y9,$H$422:$J$457,3,FALSE),"") -> 45292 | AE9: =IF(AD9="",AE8,AD9) -> 45292 | AG9: Máxima mensal (kWh/mês) | AH9: =_xlfn.MAXIFS($Z$4:$Z$374,$AE$4:$AE$374,AH4) -> 576.2 | AI9: =_xlfn.MAXIFS($Z$4:$Z$374,$AE$4:$AE$374,AI4) -> 559.1 | AJ9: =_xlfn.MAXIFS($Z$4:$Z$374,$AE$4:$AE$374,AJ4) -> 589.6 | AK9: =_xlfn.MAXIFS($Z$4:$Z$374,$AE$4:$AE$374,AK4) -> 605.4 | AL9: =_xlfn.MAXIFS($Z$4:$Z$374,$AE$4:$AE$374,AL4) -> 593.7 | AM9: =_xlfn.MAXIFS($Z$4:$Z$374,$AE$4:$AE$374,AM4) -> 569.9 | AN9: =_xlfn.MAXIFS($Z$4:$Z$374,$AE$4:$AE$374,AN4) -> 583.2 | AO9: =_xlfn.MAXIFS($Z$4:$Z$374,$AE$4:$AE$374,AO4) -> 588.2 | ... AS9: =_xlfn.MAXIFS($Z$4:$Z$374,$AE$4:$AE$374,AS4) -> 560.4 | AT9: =MAX(AH9:AS9) -> 605.4 | AX9: =AX8+1 -> 45652 | AY9: 533.5 | AZ9: =IF(AY9=0,1,0) -> 0 | BA9: =IFERROR(VLOOKUP(AX8,'Geração Equatorial x Medido'!$O$56:$P$98,2,FALSE),"") | BB9: =IF(BA9="",BB10,BA9) -> 45627 | BC9: =IFERROR(VLOOKUP(AX9,$H$422:$J$457,3,FALSE),"") | BF9: Máxima anual (kWh/mês) | BG9: =_xlfn.MAXIFS($AY$4:$AY$379,$BD$4:$BD$379,BG4) -> 548.7 | BH9: =_xlfn.MAXIFS($AY$4:$AY$379,$BD$4:$BD$379,BH4) -> 526.7 | BI9: =_xlfn.MAXIFS($AY$4:$AY$379,$BD$4:$BD$379,BI4) -> 568.5 | BJ9: =_xlfn.MAXIFS($AY$4:$AY$379,$BD$4:$BD$379,BJ4) -> 591.6 | BK9: =_xlfn.MAXIFS($AY$4:$AY$379,$BD$4:$BD$379,BK4) -> 573.8 | BL9: =_xlfn.MAXIFS($AY$4:$AY$379,$BD$4:$BD$379,BL4) -> 559.6 | BM9: =_xlfn.MAXIFS($AY$4:$AY$379,$BD$4:$BD$379,BM4) -> 581.9 | BN9: =_xlfn.MAXIFS($AY$4:$AY$379,$BD$4:$BD$379,BN4) -> 599 | ... BR9: =_xlfn.MAXIFS($AY$4:$AY$379,$BD$4:$BD$379,BR4) -> 536.2 | BS9: =MAX(BG9:BR9) -> 599 | BZ9: =BZ8+1 -> 46018 | CA9: =AY375 -> 457.8 | CB9: =IF(CA9=0,1,0) -> 0 | CC9: =IFERROR(VLOOKUP(BZ8,'Geração Equatorial x Medido'!$O$56:$P$97,2,FALSE),"") | CD9: =IF(CC9="",CD8,CC9) -> 45992 | CE9: =IFERROR(VLOOKUP(BZ9,$H$422:$J$469,3,FALSE),"") | CH9: Máxima anual (kWh/mês) | CI9: =_xlfn.MAXIFS($CA$4:$CA$368,$CF$4:$CF$368,CI4) -> 563.4 | CJ9: =_xlfn.MAXIFS($CA$4:$CA$368,$CF$4:$CF$368,CJ4) -> 559.8 | CK9: =_xlfn.MAXIFS($CA$4:$CA$368,$CF$4:$CF$368,CK4) -> 597.2 | CL9: =_xlfn.MAXIFS($CA$4:$CA$368,$CF$4:$CF$368,CL4) -> 525.2 | CM9: =_xlfn.MAXIFS($CA$4:$CA$368,$CF$4:$CF$368,CM4) -> 0 | CN9: =_xlfn.MAXIFS($CA$4:$CA$368,$CF$4:$CF$368,CN4) -> 0 | CO9: =_xlfn.MAXIFS($CA$4:$CA$368,$CF$4:$CF$368,CO4) -> 0 | CP9: =_xlfn.MAXIFS($CA$4:$CA$368,$CF$4:$CF$368,CP4) -> 0 | ... CT9: =_xlfn.MAXIFS($CA$4:$CA$368,$CF$4:$CF$368,CT4) -> 0 | CU9: =MAX(CI9:CT9) -> 597.2
A10: =A9+1 -> 44933 | C10: =IFERROR(VLOOKUP(A9,$H$381:$N$415,5,FALSE),"") | D10: =IF(C10="",D9,C10) -> 44927 | E10: =IFERROR(VLOOKUP(A10,$H$422:$J$433,3,FALSE),"") | F10: =IF(E10="",F9,E10) -> 44927 | Y10: =Y9+1 -> 45293 | Z10: 0 | AB10: =IFERROR(VLOOKUP(Y10,'Geração Equatorial x Medido'!$O$56:$P$71,2,FALSE),"") | AC10: =IF(AB10="",AC9,AB10) -> 45261 | AD10: =IFERROR(VLOOKUP(Y10,$H$422:$J$457,3,FALSE),"") | AE10: =IF(AD10="",AE9,AD10) -> 45292 | AG10: Máximo mensal no ano | AH10: =IF(AH6=MAX($AH$6:$AS$6),AH6,"") | AI10: =IF(AI6=MAX($AH$6:$AS$6),AI6,"") | AJ10: =IF(AJ6=MAX($AH$6:$AS$6),AJ6,"") | AK10: =IF(AK6=MAX($AH$6:$AS$6),AK6,"") | AL10: =IF(AL6=MAX($AH$6:$AS$6),AL6,"") | AM10: =IF(AM6=MAX($AH$6:$AS$6),AM6,"") | AN10: =IF(AN6=MAX($AH$6:$AS$6),AN6,"") | AO10: =IF(AO6=MAX($AH$6:$AS$6),AO6,"") -> 17159.6 | ... AS10: =IF(AS6=MAX($AH$6:$AS$6),AS6,"") | AX10: =AX9+1 -> 45653 | AY10: 538 | AZ10: =IF(AY10=0,1,0) -> 0 | BA10: =IFERROR(VLOOKUP(AX9,'Geração Equatorial x Medido'!$O$56:$P$98,2,FALSE),"") -> 45627 | BB10: =IF(BA10="",BB11,BA10) -> 45627 | BC10: =IFERROR(VLOOKUP(AX10,$H$422:$J$457,3,FALSE),"") | BF10: Máximo mensal no ano | BG10: =IF(BG6=MAX($BG$6:$BR$6),BG6,"") | BH10: =IF(BH6=MAX($BG$6:$BR$6),BH6,"") | BI10: =IF(BI6=MAX($BG$6:$BR$6),BI6,"") | BJ10: =IF(BJ6=MAX($BG$6:$BR$6),BJ6,"") | BK10: =IF(BK6=MAX($BG$6:$BR$6),BK6,"") | BL10: =IF(BL6=MAX($BG$6:$BR$6),BL6,"") | BM10: =IF(BM6=MAX($BG$6:$BR$6),BM6,"") | BN10: =IF(BN6=MAX($BG$6:$BR$6),BN6,"") | ... BR10: =IF(BR6=MAX($BG$6:$BR$6),BR6,"") | BZ10: =BZ9+1 -> 46019 | CA10: =AY376 -> 490.2 | CB10: =IF(CA10=0,1,0) -> 0 | CC10: =IFERROR(VLOOKUP(BZ9,'Geração Equatorial x Medido'!$O$56:$P$97,2,FALSE),"") -> 45992 | CD10: =IF(CC10="",CD9,CC10) -> 45992 | CE10: =IFERROR(VLOOKUP(BZ10,$H$422:$J$469,3,FALSE),"") | CH10: Máximo mensal no ano | CI10: =IF(CI6=MAX($CI$6:$CT$6),CI6,"") -> 14337.7 | CJ10: =IF(CJ6=MAX($CI$6:$CT$6),CJ6,"") | CK10: =IF(CK6=MAX($CI$6:$CT$6),CK6,"") | CL10: =IF(CL6=MAX($CI$6:$CT$6),CL6,"") | CM10: =IF(CM6=MAX($CI$6:$CT$6),CM6,"") | CN10: =IF(CN6=MAX($CI$6:$CT$6),CN6,"") | CO10: =IF(CO6=MAX($CI$6:$CT$6),CO6,"") | CP10: =IF(CP6=MAX($CI$6:$CT$6),CP6,"") | ... CT10: =IF(CT6=MAX($CI$6:$CT$6),CT6,"")
A11: =A10+1 -> 44934 | C11: =IFERROR(VLOOKUP(A10,$H$381:$N$415,5,FALSE),"") | D11: =IF(C11="",D10,C11) -> 44927 | E11: =IFERROR(VLOOKUP(A11,$H$422:$J$433,3,FALSE),"") | F11: =IF(E11="",F10,E11) -> 44927 | Y11: =Y10+1 -> 45294 | Z11: 266.4 | AA11: =IF(Z11=0,1,0) -> 0 | AB11: =IFERROR(VLOOKUP(Y11,'Geração Equatorial x Medido'!$O$56:$P$71,2,FALSE),"") | AC11: =IF(AB11="",AC10,AB11) -> 45261 | AD11: =IFERROR(VLOOKUP(Y11,$H$422:$J$457,3,FALSE),"") | AE11: =IF(AD11="",AE10,AD11) -> 45292 | AX11: =AX10+1 -> 45654 | AY11: 526.1 | AZ11: =IF(AY11=0,1,0) -> 0 | BA11: =IFERROR(VLOOKUP(AX10,'Geração Equatorial x Medido'!$O$56:$P$98,2,FALSE),"") | BB11: =IF(BA11="",BB12,BA11) -> 45658 | BC11: =IFERROR(VLOOKUP(AX11,$H$422:$J$457,3,FALSE),"") | BF11: Dias sem Geração | BG11: =SUMIF($BB:$BB,BG4,$AZ:$AZ) -> 0 | BH11: =SUMIF($BB:$BB,BH4,$AZ:$AZ) -> 0 | BI11: =SUMIF($BB:$BB,BI4,$AZ:$AZ) -> 0 | BJ11: =SUMIF($BB:$BB,BJ4,$AZ:$AZ) -> 0 | BK11: =SUMIF($BB:$BB,BK4,$AZ:$AZ) -> 0 | BL11: =SUMIF($BB:$BB,BL4,$AZ:$AZ) -> 0 | BM11: =SUMIF($BB:$BB,BM4,$AZ:$AZ) -> 0 | BN11: =SUMIF($BB:$BB,BN4,$AZ:$AZ) -> 0 | ... BR11: =SUMIF($BB:$BB,BR4,$AZ:$AZ) -> 0 | BZ11: =BZ10+1 -> 46020 | CA11: =AY377 -> 510.2 | CB11: =IF(CA11=0,1,0) -> 0 | CC11: =IFERROR(VLOOKUP(BZ10,'Geração Equatorial x Medido'!$O$56:$P$97,2,FALSE),"") | CD11: =IF(CC11="",CD12,CC11) -> 46023 | CE11: =IFERROR(VLOOKUP(BZ11,$H$422:$J$469,3,FALSE),"") | CH11: Dias sem Geração | CI11: =SUMIF($CD$10:$CD$378,CI4,$CB$10:$CB$378) -> 0 | CJ11: =SUMIF($CD$10:$CD$378,CJ4,$CB$10:$CB$378) -> 0 | CK11: =SUMIF($CD$10:$CD$378,CK4,$CB$10:$CB$378) -> 0 | CL11: =SUMIF($CD$10:$CD$378,CL4,$CB$10:$CB$378) -> 23 | CM11: =SUMIF($CD$10:$CD$378,CM4,$CB$10:$CB$378) -> 30 | CN11: =SUMIF($CD$10:$CD$378,CN4,$CB$10:$CB$378) -> 31 | CO11: =SUMIF($CD$10:$CD$378,CO4,$CB$10:$CB$378) -> 30 | CP11: =SUMIF($CD$10:$CD$378,CP4,$CB$10:$CB$378) -> 31 | ... CT11: =SUMIF($CD$10:$CD$378,CT4,$CB$10:$CB$378) -> 30
A12: =A11+1 -> 44935 | C12: =IFERROR(VLOOKUP(A11,$H$381:$N$415,5,FALSE),"") | D12: =IF(C12="",D11,C12) -> 44927 | E12: =IFERROR(VLOOKUP(A12,$H$422:$J$433,3,FALSE),"") | F12: =IF(E12="",F11,E12) -> 44927 | Y12: =Y11+1 -> 45295 | Z12: 175 | AA12: =IF(Z12=0,1,0) -> 0 | AB12: =IFERROR(VLOOKUP(Y12,'Geração Equatorial x Medido'!$O$56:$P$71,2,FALSE),"") | AC12: =IF(AB12="",AC11,AB12) -> 45261 | AD12: =IFERROR(VLOOKUP(Y12,$H$422:$J$457,3,FALSE),"") | AE12: =IF(AD12="",AE11,AD12) -> 45292 | AX12: =AX11+1 -> 45655 | AY12: 536 | AZ12: =IF(AY12=0,1,0) -> 0 | BA12: =IFERROR(VLOOKUP(AX11,'Geração Equatorial x Medido'!$O$56:$P$98,2,FALSE),"") | BB12: =IF(BA12="",BB13,BA12) -> 45658 | BC12: =IFERROR(VLOOKUP(AX12,$H$422:$J$457,3,FALSE),"") | BZ12: =BZ11+1 -> 46021 | CA12: =AY378 -> 480.7 | CB12: =IF(CA12=0,1,0) -> 0 | CC12: =IFERROR(VLOOKUP(BZ11,'Geração Equatorial x Medido'!$O$56:$P$97,2,FALSE),"") | CD12: =IF(CC12="",CD13,CC12) -> 46023 | CE12: =IFERROR(VLOOKUP(BZ12,$H$422:$J$469,3,FALSE),"")
A13: =A12+1 -> 44936 | C13: =IFERROR(VLOOKUP(A12,$H$381:$N$415,5,FALSE),"") | D13: =IF(C13="",D12,C13) -> 44927 | E13: =IFERROR(VLOOKUP(A13,$H$422:$J$433,3,FALSE),"") | F13: =IF(E13="",F12,E13) -> 44927 | Y13: =Y12+1 -> 45296 | Z13: 576.2 | AA13: =IF(Z13=0,1,0) -> 0 | AB13: =IFERROR(VLOOKUP(Y13,'Geração Equatorial x Medido'!$O$56:$P$71,2,FALSE),"") | AC13: =IF(AB13="",AC12,AB13) -> 45261 | AD13: =IFERROR(VLOOKUP(Y13,$H$422:$J$457,3,FALSE),"") | AE13: =IF(AD13="",AE12,AD13) -> 45292 | AX13: =AX12+1 -> 45656 | AY13: 525.4 | AZ13: =IF(AY13=0,1,0) -> 0 | BA13: =IFERROR(VLOOKUP(AX12,'Geração Equatorial x Medido'!$O$56:$P$98,2,FALSE),"") | BB13: =IF(BA13="",BB14,BA13) -> 45658 | BC13: =IFERROR(VLOOKUP(AX13,$H$422:$J$457,3,FALSE),"") | BZ13: =BZ12+1 -> 46022 | CA13: =AY379 -> 437.4 | CB13: =IF(CA13=0,1,0) -> 0 | CC13: =IFERROR(VLOOKUP(BZ12,'Geração Equatorial x Medido'!$O$56:$P$97,2,FALSE),"") | CD13: =IF(CC13="",CD14,CC13) -> 46023 | CE13: =IFERROR(VLOOKUP(BZ13,$H$422:$J$469,3,FALSE),"")
A14: =A13+1 -> 44937 | C14: =IFERROR(VLOOKUP(A13,$H$381:$N$415,5,FALSE),"") | D14: =IF(C14="",D13,C14) -> 44927 | E14: =IFERROR(VLOOKUP(A14,$H$422:$J$433,3,FALSE),"") | F14: =IF(E14="",F13,E14) -> 44927 | Y14: =Y13+1 -> 45297 | Z14: 498.6 | AA14: =IF(Z14=0,1,0) -> 0 | AB14: =IFERROR(VLOOKUP(Y14,'Geração Equatorial x Medido'!$O$56:$P$71,2,FALSE),"") | AC14: =IF(AB14="",AC13,AB14) -> 45261 | AD14: =IFERROR(VLOOKUP(Y14,$H$422:$J$457,3,FALSE),"") | AE14: =IF(AD14="",AE13,AD14) -> 45292 | AX14: =AX13+1 -> 45657 | AY14: 518.1 | AZ14: =IF(AY14=0,1,0) -> 0 | BA14: =IFERROR(VLOOKUP(AX13,'Geração Equatorial x Medido'!$O$56:$P$98,2,FALSE),"") | BB14: =IF(BA14="",BB15,BA14) -> 45658 | BC14: =IFERROR(VLOOKUP(AX14,$H$422:$J$457,3,FALSE),"") | BZ14: =BZ13+1 -> 46023 | CA14: 454.5 | CB14: =IF(CA14=0,1,0) -> 0 | CC14: =IFERROR(VLOOKUP(BZ13,'Geração Equatorial x Medido'!$O$56:$P$97,2,FALSE),"") | CD14: =IF(CC14="",CD15,CC14) -> 46023 | CE14: =IFERROR(VLOOKUP(BZ14,$H$422:$J$469,3,FALSE),"") -> 46023 | CF14: =IF(CE14="",CF13,CE14) -> 46023
A15: =A14+1 -> 44938 | C15: =IFERROR(VLOOKUP(A14,$H$381:$N$415,5,FALSE),"") | D15: =IF(C15="",D14,C15) -> 44927 | E15: =IFERROR(VLOOKUP(A15,$H$422:$J$433,3,FALSE),"") | F15: =IF(E15="",F14,E15) -> 44927 | Y15: =Y14+1 -> 45298 | Z15: 245.5 | AA15: =IF(Z15=0,1,0) -> 0 | AB15: =IFERROR(VLOOKUP(Y15,'Geração Equatorial x Medido'!$O$56:$P$71,2,FALSE),"") | AC15: =IF(AB15="",AC14,AB15) -> 45261 | AD15: =IFERROR(VLOOKUP(Y15,$H$422:$J$457,3,FALSE),"") | AE15: =IF(AD15="",AE14,AD15) -> 45292 | AX15: =AX14+1 -> 45658 | AY15: 508 | AZ15: =IF(AY15=0,1,0) -> 0 | BA15: =IFERROR(VLOOKUP(AX14,'Geração Equatorial x Medido'!$O$56:$P$98,2,FALSE),"") | BB15: =IF(BA15="",BB16,BA15) -> 45658 | BC15: =IFERROR(VLOOKUP(AX15,$H$422:$J$457,3,FALSE),"") -> 45658 | BD15: =IF(BC15="",BD14,BC15) -> 45658 | BZ15: =BZ14+1 -> 46024 | CA15: 436.8 | CB15: =IF(CA15=0,1,0) -> 0 | CC15: =IFERROR(VLOOKUP(BZ14,'Geração Equatorial x Medido'!$O$56:$P$97,2,FALSE),"") | CD15: =IF(CC15="",CD16,CC15) -> 46023 | CE15: =IFERROR(VLOOKUP(BZ15,$H$422:$J$469,3,FALSE),"") | CF15: =IF(CE15="",CF14,CE15) -> 46023
A16: =A15+1 -> 44939 | C16: =IFERROR(VLOOKUP(A15,$H$381:$N$415,5,FALSE),"") | D16: =IF(C16="",D15,C16) -> 44927 | E16: =IFERROR(VLOOKUP(A16,$H$422:$J$433,3,FALSE),"") | F16: =IF(E16="",F15,E16) -> 44927 | Y16: =Y15+1 -> 45299 | Z16: 479.2 | AA16: =IF(Z16=0,1,0) -> 0 | AB16: =IFERROR(VLOOKUP(Y16,'Geração Equatorial x Medido'!$O$56:$P$71,2,FALSE),"") | AC16: =IF(AB16="",AC15,AB16) -> 45261 | AD16: =IFERROR(VLOOKUP(Y16,$H$422:$J$457,3,FALSE),"") | AE16: =IF(AD16="",AE15,AD16) -> 45292 | AX16: =AX15+1 -> 45659 | AY16: 531.4 | AZ16: =IF(AY16=0,1,0) -> 0 | BA16: =IFERROR(VLOOKUP(AX15,'Geração Equatorial x Medido'!$O$56:$P$98,2,FALSE),"") | BB16: =IF(BA16="",BB17,BA16) -> 45658 | BC16: =IFERROR(VLOOKUP(AX16,$H$422:$J$457,3,FALSE),"") | BD16: =IF(BC16="",BD15,BC16) -> 45658 | BZ16: =BZ15+1 -> 46025 | CA16: 489.7 | CB16: =IF(CA16=0,1,0) -> 0 | CC16: =IFERROR(VLOOKUP(BZ15,'Geração Equatorial x Medido'!$O$56:$P$97,2,FALSE),"") | CD16: =IF(CC16="",CD17,CC16) -> 46023 | CE16: =IFERROR(VLOOKUP(BZ16,$H$422:$J$469,3,FALSE),"") | CF16: =IF(CE16="",CF15,CE16) -> 46023
A17: =A16+1 -> 44940 | C17: =IFERROR(VLOOKUP(A16,$H$381:$N$415,5,FALSE),"") | D17: =IF(C17="",D16,C17) -> 44927 | E17: =IFERROR(VLOOKUP(A17,$H$422:$J$433,3,FALSE),"") | F17: =IF(E17="",F16,E17) -> 44927 | Y17: =Y16+1 -> 45300 | Z17: 376.6 | AA17: =IF(Z17=0,1,0) -> 0 | AB17: =IFERROR(VLOOKUP(Y17,'Geração Equatorial x Medido'!$O$56:$P$71,2,FALSE),"") | AC17: =IF(AB17="",AC16,AB17) -> 45261 | AD17: =IFERROR(VLOOKUP(Y17,$H$422:$J$457,3,FALSE),"") | AE17: =IF(AD17="",AE16,AD17) -> 45292 | AX17: =AX16+1 -> 45660 | AY17: 506.5 | AZ17: =IF(AY17=0,1,0) -> 0 | BA17: =IFERROR(VLOOKUP(AX16,'Geração Equatorial x Medido'!$O$56:$P$98,2,FALSE),"") | BB17: =IF(BA17="",BB18,BA17) -> 45658 | BC17: =IFERROR(VLOOKUP(AX17,$H$422:$J$457,3,FALSE),"") | BD17: =IF(BC17="",BD16,BC17) -> 45658 | BZ17: =BZ16+1 -> 46026 | CA17: 473.2 | CB17: =IF(CA17=0,1,0) -> 0 | CC17: =IFERROR(VLOOKUP(BZ16,'Geração Equatorial x Medido'!$O$56:$P$97,2,FALSE),"") | CD17: =IF(CC17="",CD18,CC17) -> 46023 | CE17: =IFERROR(VLOOKUP(BZ17,$H$422:$J$469,3,FALSE),"") | CF17: =IF(CE17="",CF16,CE17) -> 46023
A18: =A17+1 -> 44941 | C18: =IFERROR(VLOOKUP(A17,$H$381:$N$415,5,FALSE),"") | D18: =IF(C18="",D17,C18) -> 44927 | E18: =IFERROR(VLOOKUP(A18,$H$422:$J$433,3,FALSE),"") | F18: =IF(E18="",F17,E18) -> 44927 | Y18: =Y17+1 -> 45301 | Z18: 476.5 | AA18: =IF(Z18=0,1,0) -> 0 | AB18: =IFERROR(VLOOKUP(Y18,'Geração Equatorial x Medido'!$O$56:$P$71,2,FALSE),"") | AC18: =IF(AB18="",AC17,AB18) -> 45261 | AD18: =IFERROR(VLOOKUP(Y18,$H$422:$J$457,3,FALSE),"") | AE18: =IF(AD18="",AE17,AD18) -> 45292 | AX18: =AX17+1 -> 45661 | AY18: 444.2 | AZ18: =IF(AY18=0,1,0) -> 0 | BA18: =IFERROR(VLOOKUP(AX17,'Geração Equatorial x Medido'!$O$56:$P$98,2,FALSE),"") | BB18: =IF(BA18="",BB19,BA18) -> 45658 | BC18: =IFERROR(VLOOKUP(AX18,$H$422:$J$457,3,FALSE),"") | BD18: =IF(BC18="",BD17,BC18) -> 45658 | BZ18: =BZ17+1 -> 46027 | CA18: 479.9 | CB18: =IF(CA18=0,1,0) -> 0 | CC18: =IFERROR(VLOOKUP(BZ17,'Geração Equatorial x Medido'!$O$56:$P$97,2,FALSE),"") | CD18: =IF(CC18="",CD19,CC18) -> 46023 | CE18: =IFERROR(VLOOKUP(BZ18,$H$422:$J$469,3,FALSE),"") | CF18: =IF(CE18="",CF17,CE18) -> 46023
A19: =A18+1 -> 44942 | C19: =IFERROR(VLOOKUP(A18,$H$381:$N$415,5,FALSE),"") | D19: =IF(C19="",D18,C19) -> 44927 | E19: =IFERROR(VLOOKUP(A19,$H$422:$J$433,3,FALSE),"") | F19: =IF(E19="",F18,E19) -> 44927 | Y19: =Y18+1 -> 45302 | Z19: 457.7 | AA19: =IF(Z19=0,1,0) -> 0 | AB19: =IFERROR(VLOOKUP(Y19,'Geração Equatorial x Medido'!$O$56:$P$71,2,FALSE),"") | AC19: =IF(AB19="",AC18,AB19) -> 45261 | AD19: =IFERROR(VLOOKUP(Y19,$H$422:$J$457,3,FALSE),"") | AE19: =IF(AD19="",AE18,AD19) -> 45292 | AX19: =AX18+1 -> 45662 | AY19: 506.1 | AZ19: =IF(AY19=0,1,0) -> 0 | BA19: =IFERROR(VLOOKUP(AX18,'Geração Equatorial x Medido'!$O$56:$P$98,2,FALSE),"") | BB19: =IF(BA19="",BB20,BA19) -> 45658 | BC19: =IFERROR(VLOOKUP(AX19,$H$422:$J$457,3,FALSE),"") | BD19: =IF(BC19="",BD18,BC19) -> 45658 | BZ19: =BZ18+1 -> 46028 | CA19: 457.3 | CB19: =IF(CA19=0,1,0) -> 0 | CC19: =IFERROR(VLOOKUP(BZ18,'Geração Equatorial x Medido'!$O$56:$P$97,2,FALSE),"") | CD19: =IF(CC19="",CD20,CC19) -> 46023 | CE19: =IFERROR(VLOOKUP(BZ19,$H$422:$J$469,3,FALSE),"") | CF19: =IF(CE19="",CF18,CE19) -> 46023
A20: =A19+1 -> 44943 | C20: =IFERROR(VLOOKUP(A19,$H$381:$N$415,5,FALSE),"") | D20: =IF(C20="",D19,C20) -> 44927 | E20: =IFERROR(VLOOKUP(A20,$H$422:$J$433,3,FALSE),"") | F20: =IF(E20="",F19,E20) -> 44927 | Y20: =Y19+1 -> 45303 | Z20: 125.7 | AA20: =IF(Z20=0,1,0) -> 0 | AB20: =IFERROR(VLOOKUP(Y20,'Geração Equatorial x Medido'!$O$56:$P$71,2,FALSE),"") | AC20: =IF(AB20="",AC19,AB20) -> 45261 | AD20: =IFERROR(VLOOKUP(Y20,$H$422:$J$457,3,FALSE),"") | AE20: =IF(AD20="",AE19,AD20) -> 45292 | AX20: =AX19+1 -> 45663 | AY20: 511 | AZ20: =IF(AY20=0,1,0) -> 0 | BA20: =IFERROR(VLOOKUP(AX19,'Geração Equatorial x Medido'!$O$56:$P$98,2,FALSE),"") | BB20: =IF(BA20="",BB21,BA20) -> 45658 | BC20: =IFERROR(VLOOKUP(AX20,$H$422:$J$457,3,FALSE),"") | BD20: =IF(BC20="",BD19,BC20) -> 45658 | BZ20: =BZ19+1 -> 46029 | CA20: 464.6 | CB20: =IF(CA20=0,1,0) -> 0 | CC20: =IFERROR(VLOOKUP(BZ19,'Geração Equatorial x Medido'!$O$56:$P$97,2,FALSE),"") | CD20: =IF(CC20="",CD21,CC20) -> 46023 | CE20: =IFERROR(VLOOKUP(BZ20,$H$422:$J$469,3,FALSE),"") | CF20: =IF(CE20="",CF19,CE20) -> 46023
A21: =A20+1 -> 44944 | C21: =IFERROR(VLOOKUP(A20,$H$381:$N$415,5,FALSE),"") | D21: =IF(C21="",D20,C21) -> 44927 | E21: =IFERROR(VLOOKUP(A21,$H$422:$J$433,3,FALSE),"") | F21: =IF(E21="",F20,E21) -> 44927 | Y21: =Y20+1 -> 45304 | Z21: 201.8 | AA21: =IF(Z21=0,1,0) -> 0 | AB21: =IFERROR(VLOOKUP(Y21,'Geração Equatorial x Medido'!$O$56:$P$71,2,FALSE),"") | AC21: =IF(AB21="",AC20,AB21) -> 45261 | AD21: =IFERROR(VLOOKUP(Y21,$H$422:$J$457,3,FALSE),"") | AE21: =IF(AD21="",AE20,AD21) -> 45292 | AX21: =AX20+1 -> 45664 | AY21: 328.5 | AZ21: =IF(AY21=0,1,0) -> 0 | BA21: =IFERROR(VLOOKUP(AX20,'Geração Equatorial x Medido'!$O$56:$P$98,2,FALSE),"") | BB21: =IF(BA21="",BB22,BA21) -> 45658 | BC21: =IFERROR(VLOOKUP(AX21,$H$422:$J$457,3,FALSE),"") | BD21: =IF(BC21="",BD20,BC21) -> 45658 | BZ21: =BZ20+1 -> 46030 | CA21: 531.2 | CB21: =IF(CA21=0,1,0) -> 0 | CC21: =IFERROR(VLOOKUP(BZ20,'Geração Equatorial x Medido'!$O$56:$P$97,2,FALSE),"") | CD21: =IF(CC21="",CD22,CC21) -> 46023 | CE21: =IFERROR(VLOOKUP(BZ21,$H$422:$J$469,3,FALSE),"") | CF21: =IF(CE21="",CF20,CE21) -> 46023
A22: =A21+1 -> 44945 | C22: =IFERROR(VLOOKUP(A21,$H$381:$N$415,5,FALSE),"") | D22: =IF(C22="",D21,C22) -> 44927 | E22: =IFERROR(VLOOKUP(A22,$H$422:$J$433,3,FALSE),"") | F22: =IF(E22="",F21,E22) -> 44927 | Y22: =Y21+1 -> 45305 | Z22: 449.8 | AA22: =IF(Z22=0,1,0) -> 0 | AB22: =IFERROR(VLOOKUP(Y22,'Geração Equatorial x Medido'!$O$56:$P$71,2,FALSE),"") | AC22: =IF(AB22="",AC21,AB22) -> 45261 | AD22: =IFERROR(VLOOKUP(Y22,$H$422:$J$457,3,FALSE),"") | AE22: =IF(AD22="",AE21,AD22) -> 45292 | AX22: =AX21+1 -> 45665 | AY22: 437.3 | AZ22: =IF(AY22=0,1,0) -> 0 | BA22: =IFERROR(VLOOKUP(AX21,'Geração Equatorial x Medido'!$O$56:$P$98,2,FALSE),"") | BB22: =IF(BA22="",BB23,BA22) -> 45658 | BC22: =IFERROR(VLOOKUP(AX22,$H$422:$J$457,3,FALSE),"") | BD22: =IF(BC22="",BD21,BC22) -> 45658 | BZ22: =BZ21+1 -> 46031 | CA22: 547.4 | CB22: =IF(CA22=0,1,0) -> 0 | CC22: =IFERROR(VLOOKUP(BZ21,'Geração Equatorial x Medido'!$O$56:$P$97,2,FALSE),"") | CD22: =IF(CC22="",CD23,CC22) -> 46023 | CE22: =IFERROR(VLOOKUP(BZ22,$H$422:$J$469,3,FALSE),"") | CF22: =IF(CE22="",CF21,CE22) -> 46023
A23: =A22+1 -> 44946 | C23: =IFERROR(VLOOKUP(A22,$H$381:$N$415,5,FALSE),"") | D23: =IF(C23="",D22,C23) -> 44927 | E23: =IFERROR(VLOOKUP(A23,$H$422:$J$433,3,FALSE),"") | F23: =IF(E23="",F22,E23) -> 44927 | Y23: =Y22+1 -> 45306 | Z23: 419.6 | AA23: =IF(Z23=0,1,0) -> 0 | AB23: =IFERROR(VLOOKUP(Y23,'Geração Equatorial x Medido'!$O$56:$P$71,2,FALSE),"") | AC23: =IF(AB23="",AC22,AB23) -> 45261 | AD23: =IFERROR(VLOOKUP(Y23,$H$422:$J$457,3,FALSE),"") | AE23: =IF(AD23="",AE22,AD23) -> 45292 | AX23: =AX22+1 -> 45666 | AY23: 342.4 | AZ23: =IF(AY23=0,1,0) -> 0 | BA23: =IFERROR(VLOOKUP(AX22,'Geração Equatorial x Medido'!$O$56:$P$98,2,FALSE),"") | BB23: =IF(BA23="",BB24,BA23) -> 45658 | BC23: =IFERROR(VLOOKUP(AX23,$H$422:$J$457,3,FALSE),"") | BD23: =IF(BC23="",BD22,BC23) -> 45658 | BZ23: =BZ22+1 -> 46032 | CA23: 546.2 | CB23: =IF(CA23=0,1,0) -> 0 | CC23: =IFERROR(VLOOKUP(BZ22,'Geração Equatorial x Medido'!$O$56:$P$97,2,FALSE),"") | CD23: =IF(CC23="",CD24,CC23) -> 46023 | CE23: =IFERROR(VLOOKUP(BZ23,$H$422:$J$469,3,FALSE),"") | CF23: =IF(CE23="",CF22,CE23) -> 46023
A24: =A23+1 -> 44947 | C24: =IFERROR(VLOOKUP(A23,$H$381:$N$415,5,FALSE),"") | D24: =IF(C24="",D23,C24) -> 44927 | E24: =IFERROR(VLOOKUP(A24,$H$422:$J$433,3,FALSE),"") | F24: =IF(E24="",F23,E24) -> 44927 | Y24: =Y23+1 -> 45307 | Z24: 457.6 | AA24: =IF(Z24=0,1,0) -> 0 | AB24: =IFERROR(VLOOKUP(Y24,'Geração Equatorial x Medido'!$O$56:$P$71,2,FALSE),"") | AC24: =IF(AB24="",AC23,AB24) -> 45261 | AD24: =IFERROR(VLOOKUP(Y24,$H$422:$J$457,3,FALSE),"") | AE24: =IF(AD24="",AE23,AD24) -> 45292 | AX24: =AX23+1 -> 45667 | AY24: 447.5 | AZ24: =IF(AY24=0,1,0) -> 0 | BA24: =IFERROR(VLOOKUP(AX23,'Geração Equatorial x Medido'!$O$56:$P$98,2,FALSE),"") | BB24: =IF(BA24="",BB25,BA24) -> 45658 | BC24: =IFERROR(VLOOKUP(AX24,$H$422:$J$457,3,FALSE),"") | BD24: =IF(BC24="",BD23,BC24) -> 45658 | BZ24: =BZ23+1 -> 46033 | CA24: 499 | CB24: =IF(CA24=0,1,0) -> 0 | CC24: =IFERROR(VLOOKUP(BZ23,'Geração Equatorial x Medido'!$O$56:$P$97,2,FALSE),"") | CD24: =IF(CC24="",CD25,CC24) -> 46023 | CE24: =IFERROR(VLOOKUP(BZ24,$H$422:$J$469,3,FALSE),"") | CF24: =IF(CE24="",CF23,CE24) -> 46023
A25: =A24+1 -> 44948 | C25: =IFERROR(VLOOKUP(A24,$H$381:$N$415,5,FALSE),"") | D25: =IF(C25="",D24,C25) -> 44927 | E25: =IFERROR(VLOOKUP(A25,$H$422:$J$433,3,FALSE),"") | F25: =IF(E25="",F24,E25) -> 44927 | Y25: =Y24+1 -> 45308 | Z25: 541.4 | AA25: =IF(Z25=0,1,0) -> 0 | AB25: =IFERROR(VLOOKUP(Y25,'Geração Equatorial x Medido'!$O$56:$P$71,2,FALSE),"") | AC25: =IF(AB25="",AC24,AB25) -> 45261 | AD25: =IFERROR(VLOOKUP(Y25,$H$422:$J$457,3,FALSE),"") | AE25: =IF(AD25="",AE24,AD25) -> 45292 | AX25: =AX24+1 -> 45668 | AY25: 462 | AZ25: =IF(AY25=0,1,0) -> 0 | BA25: =IFERROR(VLOOKUP(AX24,'Geração Equatorial x Medido'!$O$56:$P$98,2,FALSE),"") | BB25: =IF(BA25="",BB26,BA25) -> 45658 | BC25: =IFERROR(VLOOKUP(AX25,$H$422:$J$457,3,FALSE),"") | BD25: =IF(BC25="",BD24,BC25) -> 45658 | BZ25: =BZ24+1 -> 46034 | CA25: 530.6 | CB25: =IF(CA25=0,1,0) -> 0 | CC25: =IFERROR(VLOOKUP(BZ24,'Geração Equatorial x Medido'!$O$56:$P$97,2,FALSE),"") | CD25: =IF(CC25="",CD26,CC25) -> 46023 | CE25: =IFERROR(VLOOKUP(BZ25,$H$422:$J$469,3,FALSE),"") | CF25: =IF(CE25="",CF24,CE25) -> 46023
A26: =A25+1 -> 44949 | C26: =IFERROR(VLOOKUP(A25,$H$381:$N$415,5,FALSE),"") | D26: =IF(C26="",D25,C26) -> 44927 | E26: =IFERROR(VLOOKUP(A26,$H$422:$J$433,3,FALSE),"") | F26: =IF(E26="",F25,E26) -> 44927 | Y26: =Y25+1 -> 45309 | Z26: 556 | AA26: =IF(Z26=0,1,0) -> 0 | AB26: =IFERROR(VLOOKUP(Y26,'Geração Equatorial x Medido'!$O$56:$P$71,2,FALSE),"") | AC26: =IF(AB26="",AC25,AB26) -> 45261 | AD26: =IFERROR(VLOOKUP(Y26,$H$422:$J$457,3,FALSE),"") | AE26: =IF(AD26="",AE25,AD26) -> 45292 | AX26: =AX25+1 -> 45669 | AY26: 390 | AZ26: =IF(AY26=0,1,0) -> 0 | BA26: =IFERROR(VLOOKUP(AX25,'Geração Equatorial x Medido'!$O$56:$P$98,2,FALSE),"") | BB26: =IF(BA26="",BB27,BA26) -> 45658 | BC26: =IFERROR(VLOOKUP(AX26,$H$422:$J$457,3,FALSE),"") | BD26: =IF(BC26="",BD25,BC26) -> 45658 | BZ26: =BZ25+1 -> 46035 | CA26: 517 | CB26: =IF(CA26=0,1,0) -> 0 | CC26: =IFERROR(VLOOKUP(BZ25,'Geração Equatorial x Medido'!$O$56:$P$97,2,FALSE),"") | CD26: =IF(CC26="",CD27,CC26) -> 46023 | CE26: =IFERROR(VLOOKUP(BZ26,$H$422:$J$469,3,FALSE),"") | CF26: =IF(CE26="",CF25,CE26) -> 46023
... A56: =A55+1 -> 44979 | C56: =IFERROR(VLOOKUP(A55,$H$381:$N$415,5,FALSE),"") | D56: =IF(C56="",D55,C56) -> 44958 | E56: =IFERROR(VLOOKUP(A56,$H$422:$J$433,3,FALSE),"") | F56: =IF(E56="",F55,E56) -> 44958 | Y56: =Y55+1 -> 45339 | Z56: 511.5 | AA56: =IF(Z56=0,1,0) -> 0 | AB56: =IFERROR(VLOOKUP(Y56,'Geração Equatorial x Medido'!$O$56:$P$71,2,FALSE),"") | AC56: =IF(AB56="",AC55,AB56) -> 45292 | AD56: =IFERROR(VLOOKUP(Y56,$H$422:$J$457,3,FALSE),"") | AE56: =IF(AD56="",AE55,AD56) -> 45323 | AX56: =AX55+1 -> 45699 | AY56: 309.4 | AZ56: =IF(AY56=0,1,0) -> 0 | BA56: =IFERROR(VLOOKUP(AX55,'Geração Equatorial x Medido'!$O$56:$P$98,2,FALSE),"") | BB56: =IF(BA56="",BB57,BA56) -> 45689 | BC56: =IFERROR(VLOOKUP(AX56,$H$422:$J$457,3,FALSE),"") | BD56: =IF(BC56="",BD55,BC56) -> 45689 | BZ56: =BZ55+1 -> 46065 | CA56: 462.2 | CB56: =IF(CA56=0,1,0) -> 0 | CC56: =IFERROR(VLOOKUP(BZ55,'Geração Equatorial x Medido'!$O$56:$P$97,2,FALSE),"") | CD56: =IF(CC56="",CD57,CC56) -> 46054 | CE56: =IFERROR(VLOOKUP(BZ56,$H$422:$J$469,3,FALSE),"") | CF56: =IF(CE56="",CF55,CE56) -> 46054
A57: =A56+1 -> 44980 | C57: =IFERROR(VLOOKUP(A56,$H$381:$N$415,5,FALSE),"") -> 44986 | D57: =IF(C57="",D56,C57) -> 44986 | E57: =IFERROR(VLOOKUP(A57,$H$422:$J$433,3,FALSE),"") | F57: =IF(E57="",F56,E57) -> 44958 | Y57: =Y56+1 -> 45340 | Z57: 489.2 | AA57: =IF(Z57=0,1,0) -> 0 | AB57: =IFERROR(VLOOKUP(Y57,'Geração Equatorial x Medido'!$O$56:$P$71,2,FALSE),"") | AC57: =IF(AB57="",AC56,AB57) -> 45292 | AD57: =IFERROR(VLOOKUP(Y57,$H$422:$J$457,3,FALSE),"") | AE57: =IF(AD57="",AE56,AD57) -> 45323 | AX57: =AX56+1 -> 45700 | AY57: 271 | AZ57: =IF(AY57=0,1,0) -> 0 | BA57: =IFERROR(VLOOKUP(AX56,'Geração Equatorial x Medido'!$O$56:$P$98,2,FALSE),"") | BB57: =IF(BA57="",BB58,BA57) -> 45689 | BC57: =IFERROR(VLOOKUP(AX57,$H$422:$J$457,3,FALSE),"") | BD57: =IF(BC57="",BD56,BC57) -> 45689 | BZ57: =BZ56+1 -> 46066 | CA57: 478.4 | CB57: =IF('USINA 03 - Barreirinhas'!CA55=0,1,0) -> 0 | CC57: =IFERROR(VLOOKUP(BZ56,'Geração Equatorial x Medido'!$O$56:$P$97,2,FALSE),"") | CD57: =IF(CC57="",CD58,CC57) -> 46054 | CE57: =IFERROR(VLOOKUP(BZ57,$H$422:$J$469,3,FALSE),"") | CF57: =IF(CE57="",CF56,CE57) -> 46054
A58: =A57+1 -> 44981 | C58: =IFERROR(VLOOKUP(A57,$H$381:$N$415,5,FALSE),"") | D58: =IF(C58="",D57,C58) -> 44986 | E58: =IFERROR(VLOOKUP(A58,$H$422:$J$433,3,FALSE),"") | F58: =IF(E58="",F57,E58) -> 44958 | Y58: =Y57+1 -> 45341 | Z58: 47.7 | AA58: =IF(Z58=0,1,0) -> 0 | AB58: =IFERROR(VLOOKUP(Y58,'Geração Equatorial x Medido'!$O$56:$P$71,2,FALSE),"") | AC58: =IF(AB58="",AC57,AB58) -> 45292 | AD58: =IFERROR(VLOOKUP(Y58,$H$422:$J$457,3,FALSE),"") | AE58: =IF(AD58="",AE57,AD58) -> 45323 | AX58: =AX57+1 -> 45701 | AY58: 341.2 | AZ58: =IF(AY58=0,1,0) -> 0 | BA58: =IFERROR(VLOOKUP(AX57,'Geração Equatorial x Medido'!$O$56:$P$98,2,FALSE),"") | BB58: =IF(BA58="",BB59,BA58) -> 45689 | BC58: =IFERROR(VLOOKUP(AX58,$H$422:$J$457,3,FALSE),"") | BD58: =IF(BC58="",BD57,BC58) -> 45689 | BZ58: =BZ57+1 -> 46067 | CA58: 415.9 | CB58: =IF('USINA 03 - Barreirinhas'!CA56=0,1,0) -> 0 | CC58: =IFERROR(VLOOKUP(BZ57,'Geração Equatorial x Medido'!$O$56:$P$97,2,FALSE),"") | CD58: =IF(CC58="",CD59,CC58) -> 46054 | CE58: =IFERROR(VLOOKUP(BZ58,$H$422:$J$469,3,FALSE),"") | CF58: =IF(CE58="",CF57,CE58) -> 46054
A59: =A58+1 -> 44982 | C59: =IFERROR(VLOOKUP(A58,$H$381:$N$415,5,FALSE),"") | D59: =IF(C59="",D58,C59) -> 44986 | E59: =IFERROR(VLOOKUP(A59,$H$422:$J$433,3,FALSE),"") | F59: =IF(E59="",F58,E59) -> 44958 | Y59: =Y58+1 -> 45342 | Z59: 365.8 | AA59: =IF(Z59=0,1,0) -> 0 | AB59: =IFERROR(VLOOKUP(Y59,'Geração Equatorial x Medido'!$O$56:$P$71,2,FALSE),"") | AC59: =IF(AB59="",AC58,AB59) -> 45292 | AD59: =IFERROR(VLOOKUP(Y59,$H$422:$J$457,3,FALSE),"") | AE59: =IF(AD59="",AE58,AD59) -> 45323 | AX59: =AX58+1 -> 45702 | AY59: 421.2 | AZ59: =IF(AY59=0,1,0) -> 0 | BA59: =IFERROR(VLOOKUP(AX58,'Geração Equatorial x Medido'!$O$56:$P$98,2,FALSE),"") | BB59: =IF(BA59="",BB60,BA59) -> 45689 | BC59: =IFERROR(VLOOKUP(AX59,$H$422:$J$457,3,FALSE),"") | BD59: =IF(BC59="",BD58,BC59) -> 45689 | BZ59: =BZ58+1 -> 46068 | CA59: 542.6 | CB59: =IF(CA57=0,1,0) -> 0 | CC59: =IFERROR(VLOOKUP(BZ58,'Geração Equatorial x Medido'!$O$56:$P$97,2,FALSE),"") | CD59: =IF(CC59="",CD60,CC59) -> 46054 | CE59: =IFERROR(VLOOKUP(BZ59,$H$422:$J$469,3,FALSE),"") | CF59: =IF(CE59="",CF58,CE59) -> 46054
A60: =A59+1 -> 44983 | C60: =IFERROR(VLOOKUP(A59,$H$381:$N$415,5,FALSE),"") | D60: =IF(C60="",D59,C60) -> 44986 | E60: =IFERROR(VLOOKUP(A60,$H$422:$J$433,3,FALSE),"") | F60: =IF(E60="",F59,E60) -> 44958 | Y60: =Y59+1 -> 45343 | Z60: 318 | AA60: =IF(Z60=0,1,0) -> 0 | AB60: =IFERROR(VLOOKUP(Y60,'Geração Equatorial x Medido'!$O$56:$P$71,2,FALSE),"") | AC60: =IF(AB60="",AC59,AB60) -> 45292 | AD60: =IFERROR(VLOOKUP(Y60,$H$422:$J$457,3,FALSE),"") | AE60: =IF(AD60="",AE59,AD60) -> 45323 | AX60: =AX59+1 -> 45703 | AY60: 526.7 | AZ60: =IF(AY60=0,1,0) -> 0 | BA60: =IFERROR(VLOOKUP(AX59,'Geração Equatorial x Medido'!$O$56:$P$98,2,FALSE),"") | BB60: =IF(BA60="",BB61,BA60) -> 45689 | BC60: =IFERROR(VLOOKUP(AX60,$H$422:$J$457,3,FALSE),"") | BD60: =IF(BC60="",BD59,BC60) -> 45689 | BZ60: =BZ59+1 -> 46069 | CA60: 516.6 | CB60: =IF(CA58=0,1,0) -> 0 | CC60: =IFERROR(VLOOKUP(BZ59,'Geração Equatorial x Medido'!$O$56:$P$97,2,FALSE),"") | CD60: =IF(CC60="",CD61,CC60) -> 46054 | CE60: =IFERROR(VLOOKUP(BZ60,$H$422:$J$469,3,FALSE),"") | CF60: =IF(CE60="",CF59,CE60) -> 46054
A61: =A60+1 -> 44984 | C61: =IFERROR(VLOOKUP(A60,$H$381:$N$415,5,FALSE),"") | D61: =IF(C61="",D60,C61) -> 44986 | E61: =IFERROR(VLOOKUP(A61,$H$422:$J$433,3,FALSE),"") | F61: =IF(E61="",F60,E61) -> 44958 | Y61: =Y60+1 -> 45344 | Z61: 493.2 | AA61: =IF(Z61=0,1,0) -> 0 | AB61: =IFERROR(VLOOKUP(Y61,'Geração Equatorial x Medido'!$O$56:$P$71,2,FALSE),"") | AC61: =IF(AB61="",AC60,AB61) -> 45292 | AD61: =IFERROR(VLOOKUP(Y61,$H$422:$J$457,3,FALSE),"") | AE61: =IF(AD61="",AE60,AD61) -> 45323 | AX61: =AX60+1 -> 45704 | AY61: 316.8 | AZ61: =IF(AY61=0,1,0) -> 0 | BA61: =IFERROR(VLOOKUP(AX60,'Geração Equatorial x Medido'!$O$56:$P$98,2,FALSE),"") | BB61: =IF(BA61="",BB62,BA61) -> 45689 | BC61: =IFERROR(VLOOKUP(AX61,$H$422:$J$457,3,FALSE),"") | BD61: =IF(BC61="",BD60,BC61) -> 45689 | BZ61: =BZ60+1 -> 46070 | CA61: 397 | CB61: =IF(CA59=0,1,0) -> 0 | CC61: =IFERROR(VLOOKUP(BZ60,'Geração Equatorial x Medido'!$O$56:$P$97,2,FALSE),"") | CD61: =IF(CC61="",CD62,CC61) -> 46054 | CE61: =IFERROR(VLOOKUP(BZ61,$H$422:$J$469,3,FALSE),"") | CF61: =IF(CE61="",CF60,CE61) -> 46054
A62: =A61+1 -> 44985 | C62: =IFERROR(VLOOKUP(A61,$H$381:$N$415,5,FALSE),"") | D62: =IF(C62="",D61,C62) -> 44986 | E62: =IFERROR(VLOOKUP(A62,$H$422:$J$433,3,FALSE),"") | F62: =IF(E62="",F61,E62) -> 44958 | Y62: =Y61+1 -> 45345 | Z62: 482.7 | AA62: =IF(Z62=0,1,0) -> 0 | AB62: =IFERROR(VLOOKUP(Y62,'Geração Equatorial x Medido'!$O$56:$P$71,2,FALSE),"") | AC62: =IF(AB62="",AC61,AB62) -> 45292 | AD62: =IFERROR(VLOOKUP(Y62,$H$422:$J$457,3,FALSE),"") | AE62: =IF(AD62="",AE61,AD62) -> 45323 | AX62: =AX61+1 -> 45705 | AY62: 450.1 | AZ62: =IF(AY62=0,1,0) -> 0 | BA62: =IFERROR(VLOOKUP(AX61,'Geração Equatorial x Medido'!$O$56:$P$98,2,FALSE),"") | BB62: =IF(BA62="",BB63,BA62) -> 45689 | BC62: =IFERROR(VLOOKUP(AX62,$H$422:$J$457,3,FALSE),"") | BD62: =IF(BC62="",BD61,BC62) -> 45689 | BZ62: =BZ61+1 -> 46071 | CA62: 439.9 | CB62: =IF(CA60=0,1,0) -> 0 | CC62: =IFERROR(VLOOKUP(BZ61,'Geração Equatorial x Medido'!$O$56:$P$97,2,FALSE),"") | CD62: =IF(CC62="",CD63,CC62) -> 46054 | CE62: =IFERROR(VLOOKUP(BZ62,$H$422:$J$469,3,FALSE),"") | CF62: =IF(CE62="",CF61,CE62) -> 46054
A63: =A62+1 -> 44986 | C63: =IFERROR(VLOOKUP(A62,$H$381:$N$415,5,FALSE),"") | D63: =IF(C63="",D62,C63) -> 44986 | E63: =IFERROR(VLOOKUP(A63,$H$422:$J$433,3,FALSE),"") -> 44986 | F63: =IF(E63="",F62,E63) -> 44986 | Y63: =Y62+1 -> 45346 | Z63: 551.5 | AA63: =IF(Z63=0,1,0) -> 0 | AB63: =IFERROR(VLOOKUP(Y63,'Geração Equatorial x Medido'!$O$56:$P$71,2,FALSE),"") | AC63: =IF(AB63="",AC62,AB63) -> 45292 | AD63: =IFERROR(VLOOKUP(Y63,$H$422:$J$457,3,FALSE),"") | AE63: =IF(AD63="",AE62,AD63) -> 45323 | AX63: =AX62+1 -> 45706 | AY63: 478.4 | AZ63: =IF(AY63=0,1,0) -> 0 | BA63: =IFERROR(VLOOKUP(AX62,'Geração Equatorial x Medido'!$O$56:$P$98,2,FALSE),"") | BB63: =IF(BA63="",BB64,BA63) -> 45689 | BC63: =IFERROR(VLOOKUP(AX63,$H$422:$J$457,3,FALSE),"") | BD63: =IF(BC63="",BD62,BC63) -> 45689 | BZ63: =BZ62+1 -> 46072 | CA63: 517.6 | CB63: =IF(CA61=0,1,0) -> 0 | CC63: =IFERROR(VLOOKUP(BZ62,'Geração Equatorial x Medido'!$O$56:$P$97,2,FALSE),"") | CD63: =IF(CC63="",CD64,CC63) -> 46054 | CE63: =IFERROR(VLOOKUP(BZ63,$H$422:$J$469,3,FALSE),"") | CF63: =IF(CE63="",CF62,CE63) -> 46054
A64: =A63+1 -> 44987 | C64: =IFERROR(VLOOKUP(A63,$H$381:$N$415,5,FALSE),"") | D64: =IF(C64="",D63,C64) -> 44986 | E64: =IFERROR(VLOOKUP(A64,$H$422:$J$433,3,FALSE),"") | F64: =IF(E64="",F63,E64) -> 44986 | Y64: =Y63+1 -> 45347 | Z64: 226.1 | AA64: =IF(Z64=0,1,0) -> 0 | AB64: =IFERROR(VLOOKUP(Y64,'Geração Equatorial x Medido'!$O$56:$P$71,2,FALSE),"") | AC64: =IF(AB64="",AC63,AB64) -> 45292 | AD64: =IFERROR(VLOOKUP(Y64,$H$422:$J$457,3,FALSE),"") | AE64: =IF(AD64="",AE63,AD64) -> 45323 | AX64: =AX63+1 -> 45707 | AY64: 372.3 | AZ64: =IF(AY64=0,1,0) -> 0 | BA64: =IFERROR(VLOOKUP(AX63,'Geração Equatorial x Medido'!$O$56:$P$98,2,FALSE),"") | BB64: =IF(BA64="",BB65,BA64) -> 45689 | BC64: =IFERROR(VLOOKUP(AX64,$H$422:$J$457,3,FALSE),"") | BD64: =IF(BC64="",BD63,BC64) -> 45689 | BZ64: =BZ63+1 -> 46073 | CA64: 511.4 | CB64: =IF(CA62=0,1,0) -> 0 | CC64: =IFERROR(VLOOKUP(BZ63,'Geração Equatorial x Medido'!$O$56:$P$97,2,FALSE),"") | CD64: =IF(CC64="",CD65,CC64) -> 46054 | CE64: =IFERROR(VLOOKUP(BZ64,$H$422:$J$469,3,FALSE),"") | CF64: =IF(CE64="",CF63,CE64) -> 46054
A65: =A64+1 -> 44988 | C65: =IFERROR(VLOOKUP(A64,$H$381:$N$415,5,FALSE),"") | D65: =IF(C65="",D64,C65) -> 44986 | E65: =IFERROR(VLOOKUP(A65,$H$422:$J$433,3,FALSE),"") | F65: =IF(E65="",F64,E65) -> 44986 | Y65: =Y64+1 -> 45348 | Z65: 290.4 | AA65: =IF(Z65=0,1,0) -> 0 | AB65: =IFERROR(VLOOKUP(Y65,'Geração Equatorial x Medido'!$O$56:$P$71,2,FALSE),"") -> 45323 | AC65: =IF(AB65="",AC64,AB65) -> 45323 | AD65: =IFERROR(VLOOKUP(Y65,$H$422:$J$457,3,FALSE),"") | AE65: =IF(AD65="",AE64,AD65) -> 45323 | AX65: =AX64+1 -> 45708 | AY65: 519.4 | AZ65: =IF(AY65=0,1,0) -> 0 | BA65: =IFERROR(VLOOKUP(AX64,'Geração Equatorial x Medido'!$O$56:$P$98,2,FALSE),"") | BB65: =IF(BA65="",BB66,BA65) -> 45689 | BC65: =IFERROR(VLOOKUP(AX65,$H$422:$J$457,3,FALSE),"") | BD65: =IF(BC65="",BD64,BC65) -> 45689 | BZ65: =BZ64+1 -> 46074 | CA65: 504.1 | CB65: =IF(CA63=0,1,0) -> 0 | CC65: =IFERROR(VLOOKUP(BZ64,'Geração Equatorial x Medido'!$O$56:$P$97,2,FALSE),"") | CD65: =IF(CC65="",CD66,CC65) -> 46054 | CE65: =IFERROR(VLOOKUP(BZ65,$H$422:$J$469,3,FALSE),"") | CF65: =IF(CE65="",CF64,CE65) -> 46054
A66: =A65+1 -> 44989 | C66: =IFERROR(VLOOKUP(A65,$H$381:$N$415,5,FALSE),"") | D66: =IF(C66="",D65,C66) -> 44986 | E66: =IFERROR(VLOOKUP(A66,$H$422:$J$433,3,FALSE),"") | F66: =IF(E66="",F65,E66) -> 44986 | Y66: =Y65+1 -> 45349 | Z66: 84 | AA66: =IF(Z66=0,1,0) -> 0 | AB66: =IFERROR(VLOOKUP(Y66,'Geração Equatorial x Medido'!$O$56:$P$71,2,FALSE),"") | AC66: =IF(AB66="",AC65,AB66) -> 45323 | AD66: =IFERROR(VLOOKUP(Y66,$H$422:$J$457,3,FALSE),"") | AE66: =IF(AD66="",AE65,AD66) -> 45323 | AX66: =AX65+1 -> 45709 | AY66: 526.3 | AZ66: =IF(AY66=0,1,0) -> 0 | BA66: =IFERROR(VLOOKUP(AX65,'Geração Equatorial x Medido'!$O$56:$P$98,2,FALSE),"") | BB66: =IF(BA66="",BB67,BA66) -> 45689 | BC66: =IFERROR(VLOOKUP(AX66,$H$422:$J$457,3,FALSE),"") | BD66: =IF(BC66="",BD65,BC66) -> 45689 | BZ66: =BZ65+1 -> 46075 | CA66: 486.6 | CB66: =IF(CA66=0,1,0) -> 0 | CC66: =IFERROR(VLOOKUP(BZ65,'Geração Equatorial x Medido'!$O$56:$P$97,2,FALSE),"") | CD66: =IF(CC66="",CD67,CC66) -> 46054 | CE66: =IFERROR(VLOOKUP(BZ66,$H$422:$J$469,3,FALSE),"") | CF66: =IF(CE66="",CF65,CE66) -> 46054
A67: =A66+1 -> 44990 | C67: =IFERROR(VLOOKUP(A66,$H$381:$N$415,5,FALSE),"") | D67: =IF(C67="",D66,C67) -> 44986 | E67: =IFERROR(VLOOKUP(A67,$H$422:$J$433,3,FALSE),"") | F67: =IF(E67="",F66,E67) -> 44986 | Y67: =Y66+1 -> 45350 | Z67: 271.4 | AA67: =IF(Z67=0,1,0) -> 0 | AB67: =IFERROR(VLOOKUP(Y67,'Geração Equatorial x Medido'!$O$56:$P$71,2,FALSE),"") | AC67: =IF(AB67="",AC66,AB67) -> 45323 | AD67: =IFERROR(VLOOKUP(Y67,$H$422:$J$457,3,FALSE),"") | AE67: =IF(AD67="",AE66,AD67) -> 45323 | AX67: =AX66+1 -> 45710 | AY67: 510.6 | AZ67: =IF(AY67=0,1,0) -> 0 | BA67: =IFERROR(VLOOKUP(AX66,'Geração Equatorial x Medido'!$O$56:$P$98,2,FALSE),"") | BB67: =IF(BA67="",BB68,BA67) -> 45689 | BC67: =IFERROR(VLOOKUP(AX67,$H$422:$J$457,3,FALSE),"") | BD67: =IF(BC67="",BD66,BC67) -> 45689 | BZ67: =BZ66+1 -> 46076 | CA67: 529 | CB67: =IF(CA67=0,1,0) -> 0 | CC67: =IFERROR(VLOOKUP(BZ66,'Geração Equatorial x Medido'!$O$56:$P$97,2,FALSE),"") | CD67: =IF(CC67="",CD68,CC67) -> 46054 | CE67: =IFERROR(VLOOKUP(BZ67,$H$422:$J$469,3,FALSE),"") | CF67: =IF(CE67="",CF66,CE67) -> 46054
A68: =A67+1 -> 44991 | C68: =IFERROR(VLOOKUP(A67,$H$381:$N$415,5,FALSE),"") | D68: =IF(C68="",D67,C68) -> 44986 | E68: =IFERROR(VLOOKUP(A68,$H$422:$J$433,3,FALSE),"") | F68: =IF(E68="",F67,E68) -> 44986 | Y68: =Y67+1 -> 45351 | Z68: 422.8 | AA68: =IF(Z68=0,1,0) -> 0 | AB68: =IFERROR(VLOOKUP(Y68,'Geração Equatorial x Medido'!$O$56:$P$71,2,FALSE),"") | AC68: =IF(AB68="",AC67,AB68) -> 45323 | AD68: =IFERROR(VLOOKUP(Y68,$H$422:$J$457,3,FALSE),"") | AE68: =IF(AD68="",AE67,AD68) -> 45323 | AX68: =AX67+1 -> 45711 | AY68: 393.4 | AZ68: =IF(AY68=0,1,0) -> 0 | BA68: =IFERROR(VLOOKUP(AX67,'Geração Equatorial x Medido'!$O$56:$P$98,2,FALSE),"") | BB68: =IF(BA68="",BB69,BA68) -> 45689 | BC68: =IFERROR(VLOOKUP(AX68,$H$422:$J$457,3,FALSE),"") | BD68: =IF(BC68="",BD67,BC68) -> 45689 | BZ68: =BZ67+1 -> 46077 | CA68: 408.6 | CB68: =IF(CA68=0,1,0) -> 0 | CC68: =IFERROR(VLOOKUP(BZ67,'Geração Equatorial x Medido'!$O$56:$P$97,2,FALSE),"") | CD68: =IF(CC68="",CD69,CC68) -> 46054 | CE68: =IFERROR(VLOOKUP(BZ68,$H$422:$J$469,3,FALSE),"") | CF68: =IF(CE68="",CF67,CE68) -> 46054
A69: =A68+1 -> 44992 | C69: =IFERROR(VLOOKUP(A68,$H$381:$N$415,5,FALSE),"") | D69: =IF(C69="",D68,C69) -> 44986 | E69: =IFERROR(VLOOKUP(A69,$H$422:$J$433,3,FALSE),"") | F69: =IF(E69="",F68,E69) -> 44986 | Y69: =Y68+1 -> 45352 | Z69: 551.3 | AA69: =IF(Z69=0,1,0) -> 0 | AB69: =IFERROR(VLOOKUP(Y69,'Geração Equatorial x Medido'!$O$56:$P$71,2,FALSE),"") | AC69: =IF(AB69="",AC68,AB69) -> 45323 | AD69: =IFERROR(VLOOKUP(Y69,$H$422:$J$457,3,FALSE),"") -> 45352 | AE69: =IF(AD69="",AE68,AD69) -> 45352 | AX69: =AX68+1 -> 45712 | AY69: 308.4 | AZ69: =IF(AY69=0,1,0) -> 0 | BA69: =IFERROR(VLOOKUP(AX68,'Geração Equatorial x Medido'!$O$56:$P$98,2,FALSE),"") | BB69: =IF(BA69="",BB70,BA69) -> 45689 | BC69: =IFERROR(VLOOKUP(AX69,$H$422:$J$457,3,FALSE),"") | BD69: =IF(BC69="",BD68,BC69) -> 45689 | BZ69: =BZ68+1 -> 46078 | CA69: 414 | CB69: =IF(CA69=0,1,0) -> 0 | CC69: =IFERROR(VLOOKUP(BZ68,'Geração Equatorial x Medido'!$O$56:$P$97,2,FALSE),"") | CD69: =IF(CC69="",CD70,CC69) -> 46054 | CE69: =IFERROR(VLOOKUP(BZ69,$H$422:$J$469,3,FALSE),"") | CF69: =IF(CE69="",CF68,CE69) -> 46054
A70: =A69+1 -> 44993 | C70: =IFERROR(VLOOKUP(A69,$H$381:$N$415,5,FALSE),"") | D70: =IF(C70="",D69,C70) -> 44986 | E70: =IFERROR(VLOOKUP(A70,$H$422:$J$433,3,FALSE),"") | F70: =IF(E70="",F69,E70) -> 44986 | Y70: =Y69+1 -> 45353 | Z70: 383.1 | AA70: =IF(Z70=0,1,0) -> 0 | AB70: =IFERROR(VLOOKUP(Y70,'Geração Equatorial x Medido'!$O$56:$P$71,2,FALSE),"") | AC70: =IF(AB70="",AC69,AB70) -> 45323 | AD70: =IFERROR(VLOOKUP(Y70,$H$422:$J$457,3,FALSE),"") | AE70: =IF(AD70="",AE69,AD70) -> 45352 | AX70: =AX69+1 -> 45713 | AY70: 385.7 | AZ70: =IF(AY70=0,1,0) -> 0 | BA70: =IFERROR(VLOOKUP(AX69,'Geração Equatorial x Medido'!$O$56:$P$98,2,FALSE),"") | BB70: =IF(BA70="",BB71,BA70) -> 45689 | BC70: =IFERROR(VLOOKUP(AX70,$H$422:$J$457,3,FALSE),"") | BD70: =IF(BC70="",BD69,BC70) -> 45689 | BZ70: =BZ69+1 -> 46079 | CA70: 505.2 | CB70: =IF(CA70=0,1,0) -> 0 | CC70: =IFERROR(VLOOKUP(BZ69,'Geração Equatorial x Medido'!$O$56:$P$97,2,FALSE),"") | CD70: =IF(CC70="",CD71,CC70) -> 46054 | CE70: =IFERROR(VLOOKUP(BZ70,$H$422:$J$469,3,FALSE),"") | CF70: =IF(CE70="",CF69,CE70) -> 46054
A71: =A70+1 -> 44994 | C71: =IFERROR(VLOOKUP(A70,$H$381:$N$415,5,FALSE),"") | D71: =IF(C71="",D70,C71) -> 44986 | E71: =IFERROR(VLOOKUP(A71,$H$422:$J$433,3,FALSE),"") | F71: =IF(E71="",F70,E71) -> 44986 | Y71: =Y70+1 -> 45354 | Z71: 493.9 | AA71: =IF(Z71=0,1,0) -> 0 | AB71: =IFERROR(VLOOKUP(Y71,'Geração Equatorial x Medido'!$O$56:$P$71,2,FALSE),"") | AC71: =IF(AB71="",AC70,AB71) -> 45323 | AD71: =IFERROR(VLOOKUP(Y71,$H$422:$J$457,3,FALSE),"") | AE71: =IF(AD71="",AE70,AD71) -> 45352 | AX71: =AX70+1 -> 45714 | AY71: 357.5 | AZ71: =IF(AY71=0,1,0) -> 0 | BA71: =IFERROR(VLOOKUP(AX70,'Geração Equatorial x Medido'!$O$56:$P$98,2,FALSE),"") -> 45689 | BB71: =IF(BA71="",BB72,BA71) -> 45689 | BC71: =IFERROR(VLOOKUP(AX71,$H$422:$J$457,3,FALSE),"") | BD71: =IF(BC71="",BD70,BC71) -> 45689 | BZ71: =BZ70+1 -> 46080 | CA71: 379.1 | CB71: =IF(CA71=0,1,0) -> 0 | CC71: =IFERROR(VLOOKUP(BZ70,'Geração Equatorial x Medido'!$O$56:$P$97,2,FALSE),"") | CD71: =IF(CC71="",CD72,CC71) -> 46054 | CE71: =IFERROR(VLOOKUP(BZ71,$H$422:$J$469,3,FALSE),"") | CF71: =IF(CE71="",CF70,CE71) -> 46054
A72: =A71+1 -> 44995 | C72: =IFERROR(VLOOKUP(A71,$H$381:$N$415,5,FALSE),"") | D72: =IF(C72="",D71,C72) -> 44986 | E72: =IFERROR(VLOOKUP(A72,$H$422:$J$433,3,FALSE),"") | F72: =IF(E72="",F71,E72) -> 44986 | Y72: =Y71+1 -> 45355 | Z72: 494.3 | AA72: =IF(Z72=0,1,0) -> 0 | AB72: =IFERROR(VLOOKUP(Y72,'Geração Equatorial x Medido'!$O$56:$P$71,2,FALSE),"") | AC72: =IF(AB72="",AC71,AB72) -> 45323 | AD72: =IFERROR(VLOOKUP(Y72,$H$422:$J$457,3,FALSE),"") | AE72: =IF(AD72="",AE71,AD72) -> 45352 | AX72: =AX71+1 -> 45715 | AY72: 199.8 | AZ72: =IF(AY72=0,1,0) -> 0 | BA72: =IFERROR(VLOOKUP(AX71,'Geração Equatorial x Medido'!$O$56:$P$98,2,FALSE),"") | BB72: =IF(BA72="",BB73,BA72) -> 45717 | BC72: =IFERROR(VLOOKUP(AX72,$H$422:$J$457,3,FALSE),"") | BD72: =IF(BC72="",BD71,BC72) -> 45689 | BZ72: =BZ71+1 -> 46081 | CA72: 116.2 | CB72: =IF(CA72=0,1,0) -> 0 | CC72: =IFERROR(VLOOKUP(BZ71,'Geração Equatorial x Medido'!$O$56:$P$97,2,FALSE),"") -> 46054 | CD72: =IF(CC72="",CD73,CC72) -> 46054 | CE72: =IFERROR(VLOOKUP(BZ72,$H$422:$J$469,3,FALSE),"") | CF72: =IF(CE72="",CF71,CE72) -> 46054
A73: =A72+1 -> 44996 | C73: =IFERROR(VLOOKUP(A72,$H$381:$N$415,5,FALSE),"") | D73: =IF(C73="",D72,C73) -> 44986 | E73: =IFERROR(VLOOKUP(A73,$H$422:$J$433,3,FALSE),"") | F73: =IF(E73="",F72,E73) -> 44986 | Y73: =Y72+1 -> 45356 | Z73: 502.9 | AA73: =IF(Z73=0,1,0) -> 0 | AB73: =IFERROR(VLOOKUP(Y73,'Geração Equatorial x Medido'!$O$56:$P$71,2,FALSE),"") | AC73: =IF(AB73="",AC72,AB73) -> 45323 | AD73: =IFERROR(VLOOKUP(Y73,$H$422:$J$457,3,FALSE),"") | AE73: =IF(AD73="",AE72,AD73) -> 45352 | AX73: =AX72+1 -> 45716 | AY73: 241 | AZ73: =IF(AY73=0,1,0) -> 0 | BA73: =IFERROR(VLOOKUP(AX72,'Geração Equatorial x Medido'!$O$56:$P$98,2,FALSE),"") | BB73: =IF(BA73="",BB74,BA73) -> 45717 | BC73: =IFERROR(VLOOKUP(AX73,$H$422:$J$457,3,FALSE),"") | BD73: =IF(BC73="",BD72,BC73) -> 45689 | BZ73: =BZ72+1 -> 46082 | CA73: 486.3 | CB73: =IF(CA73=0,1,0) -> 0 | CC73: =IFERROR(VLOOKUP(BZ72,'Geração Equatorial x Medido'!$O$56:$P$97,2,FALSE),"") | CD73: =IF(CC73="",CD74,CC73) -> 46082 | CE73: =IFERROR(VLOOKUP(BZ73,$H$422:$J$469,3,FALSE),"") -> 46082 | CF73: =IF(CE73="",CF72,CE73) -> 46082
A74: =A73+1 -> 44997 | C74: =IFERROR(VLOOKUP(A73,$H$381:$N$415,5,FALSE),"") | D74: =IF(C74="",D73,C74) -> 44986 | E74: =IFERROR(VLOOKUP(A74,$H$422:$J$433,3,FALSE),"") | F74: =IF(E74="",F73,E74) -> 44986 | Y74: =Y73+1 -> 45357 | Z74: 461.5 | AA74: =IF(Z74=0,1,0) -> 0 | AB74: =IFERROR(VLOOKUP(Y74,'Geração Equatorial x Medido'!$O$56:$P$71,2,FALSE),"") | AC74: =IF(AB74="",AC73,AB74) -> 45323 | AD74: =IFERROR(VLOOKUP(Y74,$H$422:$J$457,3,FALSE),"") | AE74: =IF(AD74="",AE73,AD74) -> 45352 | AX74: =AX73+1 -> 45717 | AY74: 425.2 | AZ74: =IF(AY74=0,1,0) -> 0 | BA74: =IFERROR(VLOOKUP(AX73,'Geração Equatorial x Medido'!$O$56:$P$98,2,FALSE),"") | BB74: =IF(BA74="",BB75,BA74) -> 45717 | BC74: =IFERROR(VLOOKUP(AX74,$H$422:$J$457,3,FALSE),"") -> 45717 | BD74: =IF(BC74="",BD73,BC74) -> 45717 | BZ74: =BZ73+1 -> 46083 | CA74: 246.9 | CB74: =IF(CA74=0,1,0) -> 0 | CC74: =IFERROR(VLOOKUP(BZ73,'Geração Equatorial x Medido'!$O$56:$P$97,2,FALSE),"") | CD74: =IF(CC74="",CD75,CC74) -> 46082 | CE74: =IFERROR(VLOOKUP(BZ74,$H$422:$J$469,3,FALSE),"") | CF74: =IF(CE74="",CF73,CE74) -> 46082
A75: =A74+1 -> 44998 | C75: =IFERROR(VLOOKUP(A74,$H$381:$N$415,5,FALSE),"") | D75: =IF(C75="",D74,C75) -> 44986 | E75: =IFERROR(VLOOKUP(A75,$H$422:$J$433,3,FALSE),"") | F75: =IF(E75="",F74,E75) -> 44986 | Y75: =Y74+1 -> 45358 | Z75: 346.2 | AA75: =IF(Z75=0,1,0) -> 0 | AB75: =IFERROR(VLOOKUP(Y75,'Geração Equatorial x Medido'!$O$56:$P$71,2,FALSE),"") | AC75: =IF(AB75="",AC74,AB75) -> 45323 | AD75: =IFERROR(VLOOKUP(Y75,$H$422:$J$457,3,FALSE),"") | AE75: =IF(AD75="",AE74,AD75) -> 45352 | AX75: =AX74+1 -> 45718 | AY75: 404.5 | AZ75: =IF(AY75=0,1,0) -> 0 | BA75: =IFERROR(VLOOKUP(AX74,'Geração Equatorial x Medido'!$O$56:$P$98,2,FALSE),"") | BB75: =IF(BA75="",BB76,BA75) -> 45717 | BC75: =IFERROR(VLOOKUP(AX75,$H$422:$J$457,3,FALSE),"") | BD75: =IF(BC75="",BD74,BC75) -> 45717 | BZ75: =BZ74+1 -> 46084 | CA75: 342.2 | CB75: =IF(CA75=0,1,0) -> 0 | CC75: =IFERROR(VLOOKUP(BZ74,'Geração Equatorial x Medido'!$O$56:$P$97,2,FALSE),"") | CD75: =IF(CC75="",CD76,CC75) -> 46082 | CE75: =IFERROR(VLOOKUP(BZ75,$H$422:$J$469,3,FALSE),"") | CF75: =IF(CE75="",CF74,CE75) -> 46082
A76: =A75+1 -> 44999 | C76: =IFERROR(VLOOKUP(A75,$H$381:$N$415,5,FALSE),"") | D76: =IF(C76="",D75,C76) -> 44986 | E76: =IFERROR(VLOOKUP(A76,$H$422:$J$433,3,FALSE),"") | F76: =IF(E76="",F75,E76) -> 44986 | Y76: =Y75+1 -> 45359 | Z76: 319.9 | AA76: =IF(Z76=0,1,0) -> 0 | AB76: =IFERROR(VLOOKUP(Y76,'Geração Equatorial x Medido'!$O$56:$P$71,2,FALSE),"") | AC76: =IF(AB76="",AC75,AB76) -> 45323 | AD76: =IFERROR(VLOOKUP(Y76,$H$422:$J$457,3,FALSE),"") | AE76: =IF(AD76="",AE75,AD76) -> 45352 | AX76: =AX75+1 -> 45719 | AY76: 398.8 | AZ76: =IF(AY76=0,1,0) -> 0 | BA76: =IFERROR(VLOOKUP(AX75,'Geração Equatorial x Medido'!$O$56:$P$98,2,FALSE),"") | BB76: =IF(BA76="",BB77,BA76) -> 45717 | BC76: =IFERROR(VLOOKUP(AX76,$H$422:$J$457,3,FALSE),"") | BD76: =IF(BC76="",BD75,BC76) -> 45717 | BZ76: =BZ75+1 -> 46085 | CA76: 342.5 | CB76: =IF(CA76=0,1,0) -> 0 | CC76: =IFERROR(VLOOKUP(BZ75,'Geração Equatorial x Medido'!$O$56:$P$97,2,FALSE),"") | CD76: =IF(CC76="",CD77,CC76) -> 46082 | CE76: =IFERROR(VLOOKUP(BZ76,$H$422:$J$469,3,FALSE),"") | CF76: =IF(CE76="",CF75,CE76) -> 46082
A77: =A76+1 -> 45000 | C77: =IFERROR(VLOOKUP(A76,$H$381:$N$415,5,FALSE),"") | D77: =IF(C77="",D76,C77) -> 44986 | E77: =IFERROR(VLOOKUP(A77,$H$422:$J$433,3,FALSE),"") | F77: =IF(E77="",F76,E77) -> 44986 | Y77: =Y76+1 -> 45360 | Z77: 383.6 | AA77: =IF(Z77=0,1,0) -> 0 | AB77: =IFERROR(VLOOKUP(Y77,'Geração Equatorial x Medido'!$O$56:$P$71,2,FALSE),"") | AC77: =IF(AB77="",AC76,AB77) -> 45323 | AD77: =IFERROR(VLOOKUP(Y77,$H$422:$J$457,3,FALSE),"") | AE77: =IF(AD77="",AE76,AD77) -> 45352 | AX77: =AX76+1 -> 45720 | AY77: 240.9 | AZ77: =IF(AY77=0,1,0) -> 0 | BA77: =IFERROR(VLOOKUP(AX76,'Geração Equatorial x Medido'!$O$56:$P$98,2,FALSE),"") | BB77: =IF(BA77="",BB78,BA77) -> 45717 | BC77: =IFERROR(VLOOKUP(AX77,$H$422:$J$457,3,FALSE),"") | BD77: =IF(BC77="",BD76,BC77) -> 45717 | BZ77: =BZ76+1 -> 46086 | CA77: 379.2 | CB77: =IF(CA77=0,1,0) -> 0 | CC77: =IFERROR(VLOOKUP(BZ76,'Geração Equatorial x Medido'!$O$56:$P$97,2,FALSE),"") | CD77: =IF(CC77="",CD78,CC77) -> 46082 | CE77: =IFERROR(VLOOKUP(BZ77,$H$422:$J$469,3,FALSE),"") | CF77: =IF(CE77="",CF76,CE77) -> 46082
... A108: =A107+1 -> 45031 | C108: =IFERROR(VLOOKUP(A107,$H$381:$N$415,5,FALSE),"") | D108: =IF(C108="",D107,C108) -> 44986 | E108: =IFERROR(VLOOKUP(A108,$H$422:$J$433,3,FALSE),"") | F108: =IF(E108="",F107,E108) -> 45017 | Y108: =Y107+1 -> 45391 | Z108: 569.7 | AA108: =IF(Z108=0,1,0) -> 0 | AB108: =IFERROR(VLOOKUP(Y108,'Geração Equatorial x Medido'!$O$56:$P$71,2,FALSE),"") | AC108: =IF(AB108="",AC107,AB108) -> 45352 | AD108: =IFERROR(VLOOKUP(Y108,$H$422:$J$457,3,FALSE),"") | AE108: =IF(AD108="",AE107,AD108) -> 45383 | AX108: =AX107+1 -> 45751 | AY108: 437.3 | AZ108: =IF(AY108=0,1,0) -> 0 | BA108: =IFERROR(VLOOKUP(AX107,'Geração Equatorial x Medido'!$O$56:$P$98,2,FALSE),"") | BB108: =IF(BA108="",BB109,BA108) -> 45748 | BC108: =IFERROR(VLOOKUP(AX108,$H$422:$J$457,3,FALSE),"") | BD108: =IF(BC108="",BD107,BC108) -> 45748 | BZ108: =BZ107+1 -> 46117 | CA108: 416.4 | CB108: =IF(CA108=0,1,0) -> 0 | CC108: =IFERROR(VLOOKUP(BZ107,'Geração Equatorial x Medido'!$O$56:$P$97,2,FALSE),"") | CD108: =IF(CC108="",CD109,CC108) -> 46113 | CE108: =IFERROR(VLOOKUP(BZ108,$H$422:$J$469,3,FALSE),"") | CF108: =IF(CE108="",CF107,CE108) -> 46113
A109: =A108+1 -> 45032 | C109: =IFERROR(VLOOKUP(A108,$H$381:$N$415,5,FALSE),"") | D109: =IF(C109="",D108,C109) -> 44986 | E109: =IFERROR(VLOOKUP(A109,$H$422:$J$433,3,FALSE),"") | F109: =IF(E109="",F108,E109) -> 45017 | Y109: =Y108+1 -> 45392 | Z109: 430.6 | AA109: =IF(Z109=0,1,0) -> 0 | AB109: =IFERROR(VLOOKUP(Y109,'Geração Equatorial x Medido'!$O$56:$P$71,2,FALSE),"") | AC109: =IF(AB109="",AC108,AB109) -> 45352 | AD109: =IFERROR(VLOOKUP(Y109,$H$422:$J$457,3,FALSE),"") | AE109: =IF(AD109="",AE108,AD109) -> 45383 | AX109: =AX108+1 -> 45752 | AY109: 548.1 | AZ109: =IF(AY109=0,1,0) -> 0 | BA109: =IFERROR(VLOOKUP(AX108,'Geração Equatorial x Medido'!$O$56:$P$98,2,FALSE),"") | BB109: =IF(BA109="",BB110,BA109) -> 45748 | BC109: =IFERROR(VLOOKUP(AX109,$H$422:$J$457,3,FALSE),"") | BD109: =IF(BC109="",BD108,BC109) -> 45748 | BZ109: =BZ108+1 -> 46118 | CB109: =IF(CA109=0,1,0) -> 1 | CC109: =IFERROR(VLOOKUP(BZ108,'Geração Equatorial x Medido'!$O$56:$P$97,2,FALSE),"") | CD109: =IF(CC109="",CD110,CC109) -> 46113 | CE109: =IFERROR(VLOOKUP(BZ109,$H$422:$J$469,3,FALSE),"") | CF109: =IF(CE109="",CF108,CE109) -> 46113
